{
    "faces":[33,0,1,2,3,0,0,0,0,33,4,0,3,6,1,1,1,1,33,3,2,5,6,2,2,2,2,33,1,0,4,7,3,3,3,3,33,4,6,5,7,4,4,4,4,33,2,1,7,5,5,5,5,5],
    "normals":[-0.707107,-0,0.707107,0,-1,0,-1,-0,0,1,0,-0,0.707133,5.3e-05,-0.70708,-0,1,0],
    "vertices":[1,-0.002674,-1,1,-0.002674,1,-1,1.99733,1,-1,1.99733,-1,1,3.98396,-1,-1,5.98396,0.999999,-1,5.98396,-1,0.999999,3.98366,1],
    "uvs":[],
    "name":"PeriscopeGeometry",
    "metadata":{
        "faces":6,
        "generator":"io_three",
        "version":3,
        "normals":6,
        "vertices":8,
        "uvs":0,
        "type":"Geometry"
    }
}