{
    "faces":[33,4,3,8,9,0,0,0,0,33,2,1,6,7,1,1,1,1,33,3,2,7,8,2,2,2,2,33,1,0,5,6,3,3,3,3,33,8,7,13,14,4,4,4,4,33,6,5,11,12,5,5,5,5,33,9,8,14,15,6,6,6,6,33,7,6,12,13,7,7,7,7,33,14,13,18,19,8,8,8,8,33,12,11,16,17,9,9,9,9,33,15,14,19,20,10,10,10,10,33,13,12,17,18,11,11,11,11,33,19,18,23,24,12,12,12,12,33,17,16,21,22,13,13,13,13,33,20,19,24,25,14,14,14,14,33,18,17,22,23,15,15,15,15,33,24,23,28,29,16,16,16,16,33,22,21,26,27,17,17,17,17,33,25,24,29,30,18,18,18,18,33,23,22,27,28,19,19,19,19,32,0,10,5,20,20,20,33,41,42,15,20,21,21,21,21,33,9,15,42,37,22,22,22,22,32,5,10,11,23,23,23,33,4,9,37,38,24,24,24,24,32,11,10,16,25,25,25,33,38,39,30,4,26,26,26,26,32,16,10,21,27,27,27,32,21,10,26,28,28,28,33,25,30,39,40,29,29,29,29,33,0,1,27,26,30,30,30,30,33,30,29,3,4,31,31,31,31,33,28,27,1,2,32,32,32,32,32,26,10,0,33,33,33,33,41,20,25,40,34,34,34,34,33,29,28,2,3,35,35,35,35,33,56,31,33,66,36,36,36,36,33,59,34,36,64,37,37,37,37,33,57,32,31,56,38,38,38,38,33,54,49,33,31,39,39,39,39,33,53,54,31,32,40,40,40,40,33,51,52,34,35,41,41,41,41,33,61,35,34,59,42,42,42,42,33,64,36,32,57,43,43,43,43,33,41,62,60,42,44,44,44,44,33,50,53,32,36,45,45,45,45,33,52,50,36,34,46,46,46,46,33,49,51,35,33,47,47,47,47,33,48,47,53,50,48,48,48,48,33,43,44,52,51,49,49,49,49,33,46,45,49,54,50,50,50,50,33,45,43,51,49,51,51,51,51,33,44,48,50,52,52,52,52,52,33,47,46,54,53,53,53,53,53,33,38,58,55,39,54,54,54,54,33,42,60,63,37,55,55,55,55,33,66,33,35,61,56,56,56,56,33,40,65,62,41,57,57,57,57,33,37,63,58,38,58,58,58,58,33,66,61,62,65,59,59,59,59,33,64,57,58,63,60,60,60,60,33,61,59,60,62,61,61,61,61,33,59,64,63,60,62,62,62,62,33,56,66,65,55,63,63,63,63,33,57,56,55,58,64,64,64,64,33,39,55,65,40,65,65,65,65],
    "uvs":[],
    "metadata":{
        "version":3,
        "faces":66,
        "uvs":0,
        "type":"Geometry",
        "normals":66,
        "vertices":67,
        "generator":"io_three"
    },
    "normals":[-0.755929,0,0.654653,-0.974117,0,-0.226045,-0.974117,0,0.226045,-0.755929,0,-0.654654,-0.487058,-0.84361,0.226045,-0.377964,-0.654653,-0.654654,-0.377965,-0.654654,0.654653,-0.487058,-0.84361,-0.226045,0.487059,-0.84361,0.226045,0.377964,-0.654653,-0.654654,0.377965,-0.654654,0.654653,0.487059,-0.84361,-0.226045,0.974117,0,0.226045,0.755929,0,-0.654654,0.755929,0,0.654653,0.974117,0,-0.226045,0.487058,0.84361,0.226045,0.377964,0.654653,-0.654654,0.377965,0.654654,0.654653,0.487058,0.84361,-0.226045,-0.295576,0,-0.955319,0.126729,-0.219501,0.967347,-0.128543,-0.222643,0.966389,-0.147788,-0.255976,-0.955319,-0.254803,0,0.966993,0.147788,-0.255976,-0.955319,-0.124526,0.215685,0.96849,0.295576,0,-0.955319,0.147788,0.255977,-0.955319,0.122819,0.212729,0.969362,-0.377964,0.654653,-0.654654,-0.377965,0.654654,0.654653,-0.487059,0.84361,-0.226045,-0.147788,0.255977,-0.955319,0.247764,0,0.96882,-0.487059,0.84361,0.226045,0.164124,0.284272,0.944591,-0.164125,-0.284272,0.944591,-0.164124,0.284272,0.944591,0.497778,0.862177,-0.094165,-0.497778,0.862177,-0.094164,0.497779,-0.862177,-0.094164,0.164125,-0.284272,0.944591,-0.328249,-0,0.944591,0.123433,-0.213792,-0.96905,-0.995557,0,-0.094164,-0.497778,-0.862177,-0.094164,0.995557,0,-0.094164,-0.941548,0,-0.336878,0.470774,-0.815405,-0.336878,0.470774,0.815405,-0.336878,0.941548,0,-0.336878,-0.470774,-0.815405,-0.336878,-0.470774,0.815405,-0.336878,-0.123433,0.213792,-0.96905,-0.123433,-0.213792,-0.96905,0.328249,0,0.944591,0.246866,0,-0.96905,-0.246866,-0,-0.96905,0.999097,0,-0.042491,-0.999097,-0,-0.04249,0.499548,-0.865243,-0.042491,-0.499549,-0.865243,-0.04249,0.499548,0.865243,-0.04249,-0.499548,0.865243,-0.042491,0.123433,0.213792,-0.96905],
    "name":"CylinderGeometry",
    "vertices":[-0.291765,4.02272,0.172045,-0.506753,3.77447,0.296169,-0.585445,3.43536,0.341602,-0.506753,3.09625,0.296169,-0.291765,2.848,0.172046,-0.291765,4.02272,-0.167067,-0.506753,3.77447,-0.29119,-0.585445,3.43536,-0.336623,-0.506753,3.09625,-0.29119,-0.291765,2.848,-0.167067,0.001915,4.11358,0.00249,0.001915,4.02272,-0.336623,0.001915,3.77447,-0.58487,0.001915,3.43536,-0.675735,0.001915,3.09625,-0.58487,0.001915,2.848,-0.336623,0.295595,4.02272,-0.167067,0.510583,3.77447,-0.29119,0.589275,3.43536,-0.336623,0.510583,3.09625,-0.29119,0.295595,2.848,-0.167067,0.295595,4.02272,0.172046,0.510583,3.77447,0.296169,0.589275,3.43536,0.341602,0.510583,3.09625,0.296169,0.295595,2.848,0.172046,0.001915,4.02272,0.341602,0.001915,3.77447,0.589849,0.001915,3.43536,0.680714,0.001915,3.09625,0.589849,0.001915,2.848,0.341602,-0,2.4953,0.430792,-0.373077,2.4953,0.215396,0.373076,2.4953,0.215396,-0,2.4953,-0.430792,0.373076,2.4953,-0.215396,-0.373077,2.4953,-0.215396,-0.165588,2.81475,-0.095602,-0.165588,2.81475,0.095602,-0,2.81475,0.191204,0.165588,2.81475,0.095602,0.165588,2.81475,-0.095602,-0,2.81475,-0.191205,0.689865,1.11587,-0.398294,-0,1.11587,-0.796587,0.689865,1.11587,0.398294,-0,1.11587,0.796587,-0.689865,1.11587,0.398294,-0.689865,1.11587,-0.398294,0.436596,1.82373,0.252069,-0.436596,1.82373,-0.252069,0.436596,1.82373,-0.252069,-0,1.82373,-0.504138,-0.436596,1.82373,0.252069,-0,1.82373,0.504138,-0,2.6617,0.884946,-0,2.63241,0.886384,-0.767631,2.63241,0.443192,-0.766386,2.6617,0.442473,-0,2.63241,-0.886384,-0,2.6617,-0.884946,0.767631,2.63241,-0.443192,0.766386,2.6617,-0.442473,-0.766386,2.6617,-0.442473,-0.767631,2.63241,-0.443192,0.766386,2.6617,0.442473,0.767631,2.63241,0.443192]
}