{
    "metadata":{
        "normals":110,
        "faces":110,
        "vertices":105,
        "type":"Geometry",
        "uvs":0,
        "generator":"io_three",
        "version":3
    },
    "normals":[-0.862856,-0.357407,0.357407,-0.862856,-0.357407,-0.357407,-0.357407,-0.862856,0.357407,-0.357407,-0.862856,-0.357407,0.357407,-0.862856,0.357407,0.357407,-0.862856,-0.357407,0.862856,-0.357407,0.357407,0.862856,-0.357407,-0.357407,0.862856,0.357407,0.357407,0.862856,0.357407,-0.357407,0.357407,0.862856,-0.357407,0.357407,0.862856,0.357407,-0.357407,0.862856,-0.357407,-0.357407,0.862856,0.357407,-0.377964,-0.156558,-0.912487,-0.15832,-0.382217,0.910409,-0.156558,-0.377964,-0.912487,0.159845,-0.385901,0.908587,0.156558,-0.377964,-0.912487,0.388544,-0.16094,0.907266,0.377964,-0.156558,-0.912487,0.388544,0.16094,0.907266,0.377964,0.156558,-0.912487,0.159845,0.385901,0.908587,0.156558,0.377964,-0.912487,-0.15832,0.382217,0.910409,-0.379651,0.157257,0.911666,-0.156558,0.377964,-0.912487,-0.379651,-0.157256,0.911666,-0.862856,0.357407,-0.357407,-0.862856,0.357407,0.357407,-0.377964,0.156558,-0.912487,0.222582,-0.53736,-0.81345,0.53736,-0.222582,-0.81345,0.53736,0.222582,-0.81345,0.222582,0.53736,-0.81345,-0.222582,0.53736,-0.81345,-0.53736,0.222582,-0.81345,-0.222582,-0.53736,-0.81345,-0.53736,-0.222582,-0.81345,-0,0,1,-0,0,1,0,0,1,0,0,1,-0,0,1,0,0,1,-0.92388,-0.382683,-0,-0.650322,-0.269372,-0.710296,-0.750951,-0.311054,0.582511,-0.382684,-0.92388,-0,-0.269372,-0.650322,-0.710296,-0.311054,-0.75095,0.582511,-0.92388,0.382683,-0,-0.650322,0.269372,-0.710296,-0.750951,0.311054,0.582511,-0.382684,0.92388,-0,-0.269372,0.650322,-0.710296,-0.311054,0.750951,0.582511,0.382683,0.92388,-0,0.269372,0.650322,-0.710296,0.311054,0.750951,0.582511,0.92388,0.382684,-0,0.650322,0.269372,-0.710296,0.75095,0.311054,0.582511,0.92388,-0.382683,0,0.650322,-0.269372,-0.710296,0.750951,-0.311054,0.582511,0.382683,-0.92388,-0,0.269372,-0.650322,-0.710296,0.311054,-0.750951,0.582511,0.298462,-0.123627,0.946381,-0.123627,0.298462,0.946381,0.123627,0.298462,0.946381,-0.298462,-0.123627,0.946381,0.298462,0.123627,0.946381,-0.298462,0.123627,0.946381,-0.123627,-0.298462,0.946381,0.381577,-0.921208,-0.075989,0.080901,-0.195312,-0.977399,-0.381577,-0.921208,-0.075989,0.123627,-0.298462,0.946381,-0.381577,0.921208,-0.075989,-0.080901,0.195312,-0.977399,0.921208,-0.381577,-0.075989,0.195312,-0.080901,-0.977399,-0.921208,-0.381577,-0.075989,-0.080901,-0.195312,-0.977399,0.381577,0.921208,-0.075989,-0.195312,0.080901,-0.977399,-0.921208,0.381577,-0.075989,-0.195312,-0.080901,-0.977399,0.921208,0.381577,-0.075989,0.080901,0.195312,-0.977399,0.874584,0.362265,-0.322285,-0.874584,0.362264,-0.322285,0.362265,0.874584,-0.322285,-0.874584,-0.362264,-0.322285,0.874584,-0.362265,-0.322285,-0.362265,0.874584,-0.322285,-0.362265,-0.874584,-0.322285,0.362265,-0.874584,-0.322285,0.382133,-0.92255,-0.05362,-0.382133,-0.92255,-0.05362,-0.382133,0.92255,-0.05362,0.92255,-0.382133,-0.05362,-0.92255,-0.382133,-0.05362,0.382133,0.92255,-0.05362,-0.92255,0.382133,-0.05362,0.92255,0.382133,-0.05362,0.195312,0.080901,-0.977399],
    "faces":[33,2,1,4,5,0,0,0,0,33,1,0,3,4,1,1,1,1,33,5,4,7,8,2,2,2,2,33,4,3,6,7,3,3,3,3,33,8,7,10,11,4,4,4,4,33,7,6,9,10,5,5,5,5,33,11,10,13,14,6,6,6,6,33,10,9,12,13,7,7,7,7,33,14,13,16,17,8,8,8,8,33,13,12,15,16,9,9,9,9,33,16,15,18,19,10,10,10,10,33,17,16,19,20,11,11,11,11,33,19,18,22,23,12,12,12,12,33,20,19,23,24,13,13,13,13,32,0,21,3,14,14,14,33,8,65,72,5,15,15,15,15,32,3,21,6,16,16,16,33,11,66,65,8,17,17,17,17,32,6,21,9,18,18,18,33,14,67,66,11,19,19,19,19,32,9,21,12,20,20,20,33,17,68,67,14,21,21,21,21,32,12,21,15,22,22,22,33,20,69,68,17,23,23,23,23,32,15,21,18,24,24,24,33,24,70,69,20,25,25,25,25,33,2,71,70,24,26,26,26,26,32,18,21,22,27,27,27,33,5,72,71,2,28,28,28,28,33,0,1,23,22,29,29,29,29,33,24,23,1,2,30,30,30,30,32,22,21,0,31,31,31,33,43,26,28,44,32,32,32,32,33,44,28,30,47,33,33,33,33,33,47,30,32,50,34,34,34,34,33,50,32,34,53,35,35,35,35,33,53,34,36,56,36,36,36,36,33,56,36,38,59,37,37,37,37,33,62,40,26,43,38,38,38,38,33,59,38,40,62,39,39,39,39,32,39,25,27,40,40,40,32,27,29,31,41,41,41,32,31,33,35,42,42,42,32,35,37,39,43,43,43,32,39,27,31,44,44,44,32,31,35,39,45,45,45,33,37,61,64,39,46,46,46,46,33,61,60,63,64,47,47,47,47,33,60,59,62,63,48,48,48,48,33,39,64,41,25,49,49,49,49,33,64,63,42,41,50,50,50,50,33,63,62,43,42,51,51,51,51,33,35,58,61,37,52,52,52,52,33,58,57,60,61,53,53,53,53,33,57,56,59,60,54,54,54,54,33,33,55,58,35,55,55,55,55,33,55,54,57,58,56,56,56,56,33,54,53,56,57,57,57,57,57,33,31,52,55,33,58,58,58,58,33,52,51,54,55,59,59,59,59,33,51,50,53,54,60,60,60,60,33,29,49,52,31,61,61,61,61,33,49,48,51,52,62,62,62,62,33,48,47,50,51,63,63,63,63,33,27,46,49,29,64,64,64,64,33,46,45,48,49,65,65,65,65,33,45,44,47,48,66,66,66,66,33,25,41,46,27,67,67,67,67,33,41,42,45,46,68,68,68,68,33,42,43,44,45,69,69,69,69,33,73,79,102,90,70,70,70,70,33,75,77,97,94,71,71,71,71,33,77,74,91,97,72,72,72,72,33,78,76,95,99,73,73,73,73,33,74,73,90,91,74,74,74,74,33,76,75,94,95,75,75,75,75,33,80,78,99,103,76,76,76,76,33,88,85,80,79,77,77,77,77,33,101,104,65,66,78,78,78,78,33,85,84,78,80,79,79,79,79,33,79,80,103,102,80,80,80,80,33,87,83,77,75,81,81,81,81,33,93,98,69,70,82,82,82,82,33,86,88,79,73,83,83,83,83,33,89,101,66,67,84,84,84,84,33,84,82,76,78,85,85,85,85,33,104,100,72,65,86,86,86,86,33,83,81,74,77,87,87,87,87,33,96,93,70,71,88,88,88,88,33,82,87,75,76,89,89,89,89,33,100,96,71,72,90,90,90,90,33,81,86,73,74,91,91,91,91,33,98,92,68,69,92,92,92,92,33,32,30,86,81,93,93,93,93,33,38,36,87,82,94,94,94,94,33,34,32,81,83,95,95,95,95,33,40,38,82,84,96,96,96,96,33,30,28,88,86,97,97,97,97,33,36,34,83,87,98,98,98,98,33,26,40,84,85,99,99,99,99,33,28,26,85,88,100,100,100,100,33,104,101,102,103,101,101,101,101,33,100,104,103,99,102,102,102,102,33,98,93,94,97,103,103,103,103,33,101,89,90,102,104,104,104,104,33,96,100,99,95,105,105,105,105,33,92,98,97,91,106,106,106,106,33,93,96,95,94,107,107,107,107,33,89,92,91,90,108,108,108,108,33,92,89,67,68,109,109,109,109],