{
    "uvs":[[0.333333,0.666667,0.333333,0.333333,0.666667,0.333333,0.666667,0.666667,0,0.666667,0,0.333333,0.333333,0.333333,0.333333,0.666667,0,0.333333,0,0,0.333333,0,0.333333,0.333333,0.333333,0,0.666667,0,0.666667,0.333333,0.333333,0.333333,1,0,1,0.333333,0.666667,0.333333,0.666667,0,0,0.666667,0.333333,0.666667,0.333333,1,0,1]],
    "normals":[-1,0,0,0,-1,-0,1,0,0,0,1,-0,-0,0,1,-0,0,-1],
    "vertices":[-2.18745,-2.18745,2.18745,-2.18745,2.18745,2.18745,-2.18745,-2.18745,-2.18745,-2.18745,2.18745,-2.18745,2.18745,-2.18745,2.18745,2.18745,2.18745,2.18745,2.18745,-2.18745,-2.18745,2.18745,2.18745,-2.18745],
    "metadata":{
        "uvs":1,
        "type":"Geometry",
        "generator":"io_three",
        "normals":6,
        "vertices":8,
        "version":3,
        "faces":6
    },
    "name":"Cube.001Geometry",
    "faces":[41,2,0,1,3,2,3,0,1,0,0,0,0,41,3,7,6,2,4,5,6,7,1,1,1,1,41,7,5,4,6,8,9,10,11,2,2,2,2,41,0,4,5,1,14,15,12,13,3,3,3,3,41,0,2,6,4,16,17,18,19,4,4,4,4,41,5,7,3,1,20,21,22,23,5,5,5,5]
}