{
    "name":"PortalGeometry",
    "metadata":{
        "generator":"io_three",
        "type":"Geometry",
        "vertices":54,
        "normals":61,
        "uvs":0,
        "faces":61,
        "version":3
    },
    "normals":[-8e-06,-4e-06,1,-0,0,1,0,0,1,0,0,1,0,-0.110981,-0.993823,-0.786414,0.617699,-0,-0,-1,-0,0.875242,0.483685,-0,-0,0.72228,0.691601,-0.950485,0.31077,0,-1,-1e-06,-1e-06,-0.972257,0.202153,0.117684,0.978008,0.208565,-0,1,1e-06,1e-06,0.822093,0.492049,0.286447,0,-0.602718,-0.797955,-0.001121,0.40204,0.915622,-0.000372,-0.809594,-0.58699,-1,5.4e-05,-0.000377,-1,-1e-06,-3e-06,-0.000703,-0.40204,-0.915622,0.997972,0.025591,0.058281,-0.000451,-0.258031,-0.966137,0.996934,0.014335,0.076926,-0.001216,0.108204,0.994128,4e-06,3e-06,1,-0,-0,1,0,0,1,-0,-0,1,-0,0.180991,-0.983485,0.882641,-0.470048,0,-0,1,-0,-0.846807,-0.531901,-1e-06,0,-0.706353,0.707859,-0.976091,-0.217363,-1e-06,-1,-1e-06,1e-06,-0.759635,-0.55106,0.345381,-0,0.591563,-0.806259,0.00112,-0.40204,0.915622,0.000372,0.809594,-0.58699,1,1e-06,-3e-06,0.000703,0.40204,-0.915622,-0.997972,-0.025591,0.058281,0.00046,0.263062,-0.964779,0.000996,0.560346,-0.828258,0.970248,0.01085,-0.241872,0,0,-0,-0.000176,0.832423,0.55414,-0.988897,-1e-06,-0.148605,-0.970248,-0.01085,-0.241872,-0.999996,-0.002723,0,0.000176,-0.832423,0.55414,0.988897,1e-06,-0.148605,0.999861,-0.008736,0.01421,-0.998048,-0.006375,0.062121,0,-0.116101,0.993237,0.704505,-0.709699,0,1,1e-06,-1e-06,0.828591,-0.474381,0.297322,6.4e-05,-0.515138,-0.857108,0.999996,0.002723,-0],
    "uvs":[],
    "faces":[32,3,0,8,0,0,0,32,8,9,1,1,1,1,32,1,2,3,2,2,2,32,8,1,3,3,3,3,33,4,7,6,5,4,4,4,4,33,1,5,6,2,5,5,5,5,33,2,6,7,3,6,6,6,6,33,4,0,3,7,7,7,7,7,33,8,10,11,9,8,8,8,8,32,5,1,9,9,9,9,32,9,11,13,10,10,10,32,9,13,5,11,11,11,32,0,4,12,12,12,12,32,12,10,8,13,13,13,32,12,8,0,14,14,14,33,4,5,13,12,15,15,15,15,33,17,16,20,21,16,16,16,16,33,12,13,15,14,17,17,17,17,33,19,21,25,23,18,18,18,18,33,15,17,21,19,19,19,19,19,33,14,15,19,18,20,20,20,20,33,16,14,18,20,21,21,21,21,33,18,19,23,22,22,22,22,22,33,20,18,22,24,23,23,23,23,33,21,20,24,25,24,24,24,24,32,29,26,34,25,25,25,32,34,35,27,26,26,26,32,27,28,29,27,27,27,32,34,27,29,28,28,28,33,30,33,32,31,29,29,29,29,33,27,31,32,28,30,30,30,30,33,28,32,33,29,31,31,31,31,33,30,26,29,33,32,32,32,32,33,34,36,37,35,33,33,33,33,32,26,30,38,34,34,34,32,38,36,34,35,35,35,32,38,34,26,36,36,36,33,30,31,39,38,37,37,37,37,33,43,42,46,47,38,38,38,38,33,38,39,41,40,39,39,39,39,33,41,43,47,45,40,40,40,40,33,40,41,45,44,41,41,41,41,33,42,40,44,46,42,42,42,42,33,44,45,49,48,43,43,43,43,33,53,48,49,52,44,44,44,44,33,10,12,14,16,45,45,45,45,33,24,25,51,50,46,46,46,46,33,11,10,16,17,47,47,47,47,33,13,11,17,15,48,48,48,48,33,36,38,40,42,49,49,49,49,33,23,51,48,53,50,50,50,50,33,37,36,42,43,51,51,51,51,33,39,37,43,41,52,52,52,52,33,45,47,24,49,53,53,53,53,33,46,44,48,25,54,54,54,54,33,47,46,25,24,55,55,55,55,32,31,27,35,56,56,56,32,35,37,39,57,57,57,32,35,39,31,58,58,58,33,52,22,23,53,59,59,59,59,33,52,49,50,22,60,60,60,60],
    "vertices":[1.55309,0.010023,-6.36764,-1.04339,0.010023,-6.36764,-2.61432,0.010023,-8.36764,2.65835,0.010023,-8.36764,1.55309,0.643864,-6.36764,-1.04339,0.643864,-6.36764,-2.61432,0.420523,-8.36764,2.65835,0.420523,-8.36764,1.16734,0.010023,-5.72313,-0.832664,0.010023,-5.72313,1.16734,2.01017,-3.80794,-0.832665,2.01017,-3.80794,1.16734,2.01017,-4.55874,-0.832664,2.01017,-4.55874,0.35767,5.18841,-2.25493,-0.355063,5.18841,-2.25369,0.343199,5.18756,-1.69252,-0.355063,5.18841,-1.69252,0.35767,5.49135,-1.56502,-0.355063,5.49135,-1.56377,0.343199,5.49049,-1.0026,-0.355063,5.49135,-1.0026,0.357799,5.76778,-0.529965,-0.354934,5.76778,-0.528719,0.343327,5.60315,0.032448,-0.354935,5.604,0.032447,-1.57015,0.010023,6.36126,1.39204,0.010023,6.36126,2.45714,0.010024,8.36126,-2.82641,0.010024,8.36126,-1.57015,0.682963,6.36126,1.39204,0.682963,6.36127,2.45714,0.314902,8.36126,-2.82641,0.314902,8.36126,-1.16734,0.010024,5.80598,0.832664,0.010024,5.80598,-1.16734,2.01017,3.80157,0.832665,2.01017,3.80157,-1.16734,2.01017,4.55237,0.832664,2.01017,4.55237,-0.35767,5.18841,2.24856,0.355062,5.18841,2.24731,-0.343199,5.18756,1.68615,0.355063,5.18841,1.68615,-0.357671,5.49135,1.55864,0.355062,5.49135,1.5574,-0.343199,5.49049,0.99623,0.355063,5.49135,0.996231,-0.357799,5.77357,0.523592,0.354934,5.77357,0.522346,0.343327,5.60315,0.032448,-0.354935,5.604,0.032447,0.343327,6.105,0.032448,-0.354935,6.10586,0.032447]
}