{
    "faces":[33,2,0,1,3,0,0,0,0,33,0,2,5,4,1,1,1,1,32,2,3,5,2,2,2,32,1,0,4,3,3,3,33,3,1,4,5,4,4,4,4],
    "name":"Cube.008Geometry",
    "metadata":{
        "faces":5,
        "generator":"io_three",
        "normals":5,
        "vertices":6,
        "uvs":0,
        "version":3,
        "type":"Geometry"
    },
    "vertices":[-1.37815,-0.166667,0.5,-1.37815,0.333333,0.5,-1.37815,-0.166667,-0.5,-1.37815,0.333333,-0.5,2.75631,-0.166667,0.5,2.75631,-0.166667,-0.5],
    "uvs":[],
    "normals":[-1,0,0,0,0,1,-0,-1,0,0,1,0,0.12006,-0,-0.992767]
}