{
    "metadata":{
        "version":3,
        "type":"Geometry",
        "generator":"io_three",
        "vertices":30,
        "normals":37,
        "faces":37,
        "uvs":0
    },
    "vertices":[11.6725,1.21358,-2.43516,11.6725,1.21358,-1.42205,-0.035919,1.82051,-4.13135,0.024759,0.986726,0.297069,-0.002151,1.81931,0.296144,-11.3773,1.21358,-1.39879,-11.3773,1.21358,-2.4119,-0.059245,0.986726,-4.13102,-1.01723,0.208959,-2.43253,-1.01723,2.2091,-2.43253,-1.01723,0.208958,-4.43253,-1.01723,1.96108,-4.43253,0.982771,0.208959,-2.43253,0.982771,2.2091,-2.43253,0.982771,0.208958,-4.43253,0.982771,1.92323,-4.43253,-0.531424,0.791639,1.84383,-0.694719,1.74052,1.84383,0.674904,1.74052,1.84383,0.580298,0.791639,1.84383,-0.439229,1.18705,2.92885,0.456097,1.23199,2.92885,-1.01723,1.26094,3.90616,-0.365091,1.45149,3.80161,0.329417,1.49764,3.80161,0.982771,1.30588,3.90616,-0.226417,0.691513,-7.13633,-2.1344,1.2948,4.3065,-0.109212,2.98496,4.3065,1.98401,1.30245,4.3065],
    "normals":[-1,0,-0,1,0,0,0,0.108924,-0.99405,0,0,1,0.009379,-0.132297,-0.991166,0.996025,0.083151,0.031953,-0.993986,0.094676,0.05504,0,0.135009,0.990844,0.020887,0.359591,0.932876,-0.016218,0.87727,-0.479724,0.030936,0.076165,0.996615,-0.999909,0.013298,0.002141,0.019402,-0.0003,0.999812,-0.019965,0.000308,0.999801,0.145898,0.989283,-0.005814,0.051791,-0.000101,-0.998658,0.91287,-0.408251,-0,-0.017815,0.439749,-0.897944,-0.162013,-0.27351,-0.948127,-0.975237,0.144029,0.167832,0.983448,0.152368,0.098053,0.191087,-0.26034,-0.946419,0.962758,0.059462,-0.263745,0,-0.175696,0.984444,0.017164,-0.420845,-0.90697,-0.95979,-0.28072,0,-0.004066,0.073001,0.997324,0.278089,0.818532,0.502664,-0.030691,-0.790663,-0.611481,-0.987603,0.037726,-0.152373,0.020989,0.948588,0.315818,-0.296396,0.73607,0.608564,-0.042647,0.098157,0.994257,0.143148,-0.989691,0.004395,-0.150094,-0.988664,-0.003809,-0.147185,0.989102,0.003658,-0.053306,0.000551,-0.998578],
    "faces":[33,9,11,10,8,0,0,0,0,33,15,13,12,14,1,1,1,1,33,13,9,17,18,2,2,2,2,33,8,10,14,12,3,3,3,3,33,13,15,11,9,4,4,4,4,33,12,13,18,19,5,5,5,5,33,9,8,16,17,6,6,6,6,33,8,12,19,16,7,7,7,7,33,16,19,21,20,8,8,8,8,33,24,23,22,25,9,9,9,9,33,20,21,25,22,10,10,10,10,33,4,2,7,3,11,11,11,11,33,0,1,3,7,12,12,12,12,33,5,6,7,3,13,13,13,13,32,1,4,3,14,14,14,33,1,0,2,4,15,15,15,15,32,15,14,26,16,16,16,33,18,17,20,21,17,17,17,17,32,23,20,27,18,18,18,32,17,16,20,19,19,19,32,19,18,21,20,20,20,32,21,24,29,21,21,21,32,24,21,28,22,22,22,32,14,10,26,23,23,23,32,11,15,26,24,24,24,32,10,11,26,25,25,25,32,20,22,27,26,26,26,32,22,23,27,27,27,27,32,21,20,28,28,28,28,32,20,23,28,29,29,29,32,23,24,28,30,30,30,32,24,25,29,31,31,31,32,25,21,29,32,32,32,32,2,0,7,33,33,33,32,6,2,7,34,34,34,32,4,5,3,35,35,35,33,4,2,6,5,36,36,36,36],
    "uvs":[],
    "name":"PlaneGeometry"
}