{
    "name":"PlaneGeometry",
    "metadata":{
        "generator":"io_three",
        "type":"Geometry",
        "vertices":52,
        "normals":44,
        "uvs":0,
        "faces":46,
        "version":3
    },
    "normals":[1,0,-0,0.145859,0.989293,-0.005034,-0.999909,0.013447,0.001346,0.143185,-0.989689,0.003685,0.01921,-0.001117,0.999815,0.040807,-3.3e-05,-0.999167,-1,0,-0,-0.15001,-0.988671,-0.00515,0.999909,-0.013447,0.001346,-0.147239,0.989094,0.003789,-0.019768,0.001126,0.999804,-0.041989,4e-05,-0.999118,0.961513,-0.27476,-0,1,0,0,0,0.108924,-0.99405,0,0,1,0.009379,-0.132297,-0.991166,-0.021713,0.23786,-0.971057,0.996025,0.083151,0.031953,-0.993986,0.094676,0.05504,0,0.135009,0.990844,-0.056203,-0.010861,-0.99836,-0.97842,0.193715,0.071896,0.020887,0.359591,0.932876,0.977526,0.209229,-0.025815,-0.016218,0.87727,-0.479724,0.030936,0.076165,0.996615,0.07212,0.000685,-0.997396,0.975521,-0.00866,-0.219736,0,-1,-0,0,-0.175696,0.984444,0.014486,-0.360735,-0.932556,-0.95979,-0.28072,-0,-1,-0,-0,-0.549284,-0.826992,-0.119883,-0.005718,0.070979,0.997461,0.28548,0.890431,0.354449,0,0,-1,-0.037273,-0.763023,-0.645295,-0.985964,-0.00269,-0.166937,0.018034,0.948381,0.316619,-0.309654,0.850147,0.425868,-0.000485,0.051621,0.998667,0.539209,-0.817064,-0.204108],
    "uvs":[],
    "faces":[33,2,0,1,3,0,0,0,0,33,3,7,6,2,1,1,1,1,33,7,5,4,6,2,2,2,2,33,0,4,5,1,3,3,3,3,33,0,2,6,4,4,4,4,4,33,5,7,3,1,5,5,5,5,33,9,11,10,8,6,6,6,6,33,11,15,14,10,7,7,7,7,33,15,13,12,14,8,8,8,8,33,13,9,8,12,9,9,9,9,33,8,10,14,12,10,10,10,10,33,13,15,11,9,11,11,11,11,33,17,19,18,16,6,6,6,6,33,23,22,39,38,12,12,12,12,33,23,21,20,22,13,13,13,13,33,21,17,25,26,14,14,14,14,33,16,18,22,20,15,15,15,15,33,21,23,19,17,16,16,16,16,33,26,25,29,30,17,17,17,17,33,20,21,26,27,18,18,18,18,33,17,16,24,25,19,19,19,19,33,16,20,27,24,20,20,20,20,33,33,29,41,43,21,21,21,21,33,25,24,28,29,22,22,22,22,33,24,27,31,28,23,23,23,23,33,27,26,30,31,24,24,24,24,33,34,33,32,35,25,25,25,25,33,28,31,35,32,26,26,26,26,33,30,34,50,48,27,27,27,27,33,34,30,44,46,28,28,28,28,33,36,38,39,37,29,29,29,29,33,22,18,37,39,30,30,30,30,33,19,23,38,36,31,31,31,31,33,18,19,36,37,32,32,32,32,33,41,40,42,43,33,33,33,33,33,29,28,40,41,34,34,34,34,33,28,32,42,40,35,35,35,35,33,32,33,43,42,36,36,36,36,33,44,45,47,46,37,37,37,37,33,30,29,45,44,38,38,38,38,33,29,33,47,45,39,39,39,39,33,33,34,46,47,40,40,40,40,33,49,48,50,51,0,0,0,0,33,34,35,51,50,41,41,41,41,33,35,31,49,51,42,42,42,42,33,31,30,48,49,43,43,43,43],
    "vertices":[11.6725,1.21358,-2.43516,11.6725,1.34242,-2.43516,11.6725,1.21358,-1.42205,11.6725,1.34242,-1.42205,-0.060579,0.991166,-4.13135,-0.035919,1.82051,-4.13135,0.024759,0.986726,0.297069,-0.002151,1.81931,0.296144,-11.3773,1.21358,-1.39879,-11.3773,1.34242,-1.39879,-11.3773,1.21358,-2.4119,-11.3773,1.34242,-2.4119,0.026093,0.991166,0.297397,0.001433,1.82051,0.297397,-0.059245,0.986726,-4.13102,-0.032335,1.81931,-4.13009,-1.01723,0.208959,-2.43253,-1.01723,2.2091,-2.43253,-1.01723,0.208958,-4.43253,-1.01723,1.96108,-4.43253,0.982771,0.208959,-2.43253,0.982771,2.2091,-2.43253,0.982771,0.208958,-4.43253,0.982771,1.92323,-4.43253,-0.531424,0.791639,1.84383,-0.694719,1.74052,1.84383,0.674904,1.74052,1.84383,0.580298,0.791639,1.84383,-0.439229,1.18705,2.92885,-0.365091,1.45149,2.92885,0.329417,1.49764,2.92885,0.456097,1.23199,2.92885,-1.01723,1.26094,3.90616,-0.365091,1.45149,3.80161,0.329417,1.49764,3.80161,0.982771,1.30588,3.90616,-0.226417,0.896114,-7.13633,-0.226417,0.691513,-7.13633,0.210139,0.896114,-7.13633,0.210139,0.691513,-7.13633,-2.1344,1.27965,4.0791,-2.1344,1.3549,4.0791,-2.1344,1.2948,4.3065,-2.1344,1.36687,4.3065,-0.001993,2.98496,4.20798,-0.106562,2.98496,4.20798,0.006629,2.98496,4.3065,-0.109212,2.98496,4.3065,1.98401,1.37788,3.97362,1.98401,1.30888,3.97362,1.98401,1.37706,4.3065,1.98401,1.30245,4.3065]
}