{
    "normals":[0.292941,-0.707222,-0.643446,0.707222,-0.292941,-0.643446,0.707222,0.292941,-0.643446,0.292941,0.707222,-0.643446,-0.292941,0.707222,-0.643446,-0.707222,0.292941,-0.643446,-0.292941,-0.707222,-0.643446,-0.707222,-0.292941,-0.643446,-0,0,1,0,0,1,0,0,1,0,0,1,-0,0,1,0,0,1,-0.92388,-0.382683,-0,-0.547358,-0.226723,-0.805603,-0.746434,-0.309183,0.589272,-0.382683,-0.92388,-0,-0.226723,-0.547358,-0.805603,-0.309183,-0.746434,0.589272,-0.92388,0.382683,-0,-0.547358,0.226723,-0.805603,-0.746434,0.309183,0.589272,-0.382683,0.92388,-0,-0.226723,0.547358,-0.805603,-0.309183,0.746434,0.589272,0.382683,0.92388,-0,0.226723,0.547358,-0.805603,0.309183,0.746434,0.589272,0.92388,0.382684,-0,0.547358,0.226723,-0.805603,0.746434,0.309183,0.589272,0.92388,-0.382683,-0,0.547358,-0.226723,-0.805603,0.746434,-0.309183,0.589272,0.382683,-0.92388,-0,0.226723,-0.547358,-0.805603,0.309183,-0.746434,0.589272,0.923515,-0.382533,-0.028089,-0.382533,0.923515,-0.028089,-0.382533,-0.923515,-0.028089,0.382533,-0.923515,-0.028089,0.923515,0.382533,-0.028089,-0.923515,0.382532,-0.028089,0.382533,0.923515,-0.028089,-0.923515,-0.382532,-0.028089,-0.582484,-0.241273,0.776209,-0.241273,0.582484,0.776209,0.582484,0.241273,0.776209,0.241273,-0.582484,0.776209,-0.241273,-0.582484,0.776208,-0.582484,0.241273,0.776209,0.241273,0.582484,0.776208,0.582484,-0.241273,0.776208,-0.92388,0.382683,-0,0.382684,0.923879,-0,0.923879,-0.382684,-0,-0.92388,-0.382683,-0,-0.382684,0.923879,-0,0.923879,0.382684,-0,0.382684,-0.923879,-0,-0.382684,-0.923879,-0,0.382684,-0.923879,-0,0,-0,-1,0.382684,0.92388,-0,0,0,-1,-0.707107,-0.707107,-0,-0,0,-1,-0.923879,0.382684,-0,-0,-0,-1,1,-0,-0,-0,1,-0,-0.382684,-0.923879,-0,0.707107,-0.707107,-0,-1,-0,-0,0.92388,-0.382683,-0,0.707107,0.707107,-0,0,-1,0,0.382684,0.923879,-0,0.923879,-0.382684,-0,-0.707107,0.707107,-0,-0.923879,-0.382684,-0,-0.382684,0.923879,-0,0.92388,-0.382683,-0,-0.382684,-0.92388,-0,-0.92388,0.382684,-0,0.92388,0.382683,-0,-0.893145,-0.369953,-0.255786,0.369953,0.893145,-0.255786,-0.893145,0.369953,-0.255786,0.893145,0.369953,-0.255786,0.369953,-0.893145,-0.255786,-0.369953,-0.893145,-0.255786,-0.369953,0.893145,-0.255786,0.893145,-0.369953,-0.255786],
    "name":"RookGeometry",
    "uvs":[],
    "metadata":{
        "normals":95,
        "type":"Geometry",
        "uvs":0,
        "generator":"io_three",
        "version":3,
        "faces":108,
        "vertices":104
    },
    "vertices":[0,-0,-2,-0,1.64743,-1.3055,1.41421,-0,-1.41421,0.923127,1.64743,-0.923127,2,0,0,1.3055,1.64743,-0,1.41421,0,1.41421,0.923127,1.64743,0.923127,-0,0,2,-0,1.64743,1.3055,-1.41421,0,1.41421,-0.923127,1.64743,0.923127,-2,-0,-0,-1.3055,1.64743,-0,-1.41421,-0,-1.41421,-0.923127,1.64743,-0.923127,0,0.375281,-2,-0,0.650076,-1.59556,-0,1.01338,-1.88237,1.33104,1.01338,-1.33104,1.12823,0.650075,-1.12823,1.41421,0.375281,-1.41421,1.88237,1.01338,0,1.59556,0.650075,0,2,0.375281,0,1.33104,1.01338,1.33104,1.12823,0.650076,1.12823,1.41421,0.375281,1.41421,-0,1.01338,1.88237,-0,0.650076,1.59556,-0,0.375281,2,-1.33104,1.01338,1.33104,-1.12823,0.650076,1.12823,-1.41421,0.375281,1.41421,-1.88237,1.01338,-0,-1.59556,0.650075,-0,-2,0.375281,-0,-1.33104,1.01338,-1.33104,-1.12823,0.650075,-1.12823,-1.41421,0.375281,-1.41421,-0,4.85849,-0.958932,0.678067,4.85849,-0.678067,0.958932,4.85849,-0,0.678067,4.85849,0.678067,-0,4.85849,0.958932,-0.678067,4.85849,0.678067,-0.958932,4.85849,-0,-0.678067,4.85849,-0.678067,-0,5.15988,-1.36057,0.962068,5.15988,-0.962068,1.36057,5.15988,-0,0.962068,5.15988,0.962068,-0,5.15988,1.36057,-0.962068,5.15988,0.962068,-1.36057,5.15988,-0,-0.962068,5.15988,-0.962068,-0,5.29899,-1.05155,0.743557,5.29899,-0.743557,1.05155,5.29899,-0,0.743557,5.29899,0.743557,-0,5.29899,1.05155,-0.743557,5.29899,0.743557,-1.05155,5.29899,-0,-0.743557,5.29899,-0.743557,0.962068,5.29899,-0.962068,-0,5.29899,-1.36057,1.36057,5.29899,-0,0.962068,5.29899,0.962068,-0,5.29899,1.36057,-0.962068,5.29899,0.962068,-1.36057,5.29899,-0,-0.962068,5.29899,-0.962068,1.36057,5.71263,-0,0.962068,5.71263,-0.962068,-0,5.71263,1.36057,0.962068,5.71263,0.962068,-1.36057,5.71263,-0,-0.962068,5.71263,0.962068,-0,5.71263,-1.36057,-0.962068,5.71263,-0.962068,1.05155,5.71263,-0,0.743557,5.71263,-0.743557,-0,5.71263,1.05155,0.743557,5.71263,0.743557,-1.05155,5.71263,-0,-0.743557,5.71263,0.743557,-0,5.71263,-1.05155,-0.743557,5.71263,-0.743557,0.743557,5.01618,-0.743557,-0,5.01618,-1.05155,1.05155,5.01618,-0,0.743557,5.01618,0.743557,-0,5.01618,1.05155,-0.743557,5.01618,0.743557,-1.05155,5.01618,-0,-0.743557,5.01618,-0.743557,0.726214,2.61981,-0.726214,1.02702,2.61981,-0,-0,2.61981,1.02702,-0.726214,2.61981,0.726213,-0.726214,2.61981,-0.726214,-0,2.61981,-1.02702,0.726214,2.61981,0.726214,-1.02702,2.61981,-0],
    "faces":[33,18,1,3,19,0,0,0,0,33,19,3,5,22,1,1,1,1,33,22,5,7,25,2,2,2,2,33,25,7,9,28,3,3,3,3,33,28,9,11,31,4,4,4,4,33,31,11,13,34,5,5,5,5,33,37,15,1,18,6,6,6,6,33,34,13,15,37,7,7,7,7,32,14,0,2,8,8,8,32,2,4,6,9,9,9,32,6,8,10,10,10,10,32,10,12,14,11,11,11,32,14,2,6,12,12,12,32,6,10,14,13,13,13,33,12,36,39,14,14,14,14,14,33,36,35,38,39,15,15,15,15,33,35,34,37,38,16,16,16,16,33,16,0,14,39,17,17,17,17,33,39,38,17,16,18,18,18,18,33,38,37,18,17,19,19,19,19,33,10,33,36,12,20,20,20,20,33,33,32,35,36,21,21,21,21,33,32,31,34,35,22,22,22,22,33,8,30,33,10,23,23,23,23,33,30,29,32,33,24,24,24,24,33,29,28,31,32,25,25,25,25,33,6,27,30,8,26,26,26,26,33,27,26,29,30,27,27,27,27,33,26,25,28,29,28,28,28,28,33,4,24,27,6,29,29,29,29,33,24,23,26,27,30,30,30,30,33,23,22,25,26,31,31,31,31,33,2,21,24,4,32,32,32,32,33,21,20,23,24,33,33,33,33,33,20,19,22,23,34,34,34,34,33,0,16,21,2,35,35,35,35,33,16,17,20,21,36,36,36,36,33,17,18,19,20,37,37,37,37,33,97,96,41,42,38,38,38,38,33,99,98,44,45,39,39,39,39,33,101,100,47,40,40,40,40,40,33,96,101,40,41,41,41,41,41,33,102,97,42,43,42,42,42,42,33,103,99,45,46,43,43,43,43,33,98,102,43,44,44,44,44,44,33,100,103,46,47,45,45,45,45,33,47,46,54,55,46,46,46,46,33,45,44,52,53,47,47,47,47,33,43,42,50,51,48,48,48,48,33,41,40,48,49,49,49,49,49,33,40,47,55,48,50,50,50,50,33,46,45,53,54,51,51,51,51,33,44,43,51,52,52,52,52,52,33,42,41,49,50,53,53,53,53,33,54,53,69,70,54,54,54,54,33,52,51,67,68,55,55,55,55,33,50,49,64,66,56,56,56,56,33,55,54,70,71,57,57,57,57,33,53,52,68,69,58,58,58,58,33,51,50,66,67,59,59,59,59,33,49,48,65,64,60,60,60,60,33,48,55,71,65,61,61,61,61,33,61,60,92,93,62,62,62,62,33,56,57,64,65,63,63,63,63,33,68,67,75,74,64,64,64,64,33,58,59,67,66,65,65,65,65,33,64,57,81,73,66,66,66,66,33,60,61,69,68,67,67,67,67,33,57,58,80,81,68,68,68,68,33,62,63,71,70,69,69,69,69,33,56,65,78,86,70,70,70,70,33,81,80,72,73,63,63,63,63,33,83,82,74,75,65,65,65,65,33,85,84,76,77,67,67,67,67,33,87,86,78,79,69,69,69,69,33,58,66,72,80,71,71,71,71,33,59,60,82,83,72,72,72,72,33,67,59,83,75,73,73,73,73,33,70,69,77,76,54,54,54,54,33,60,68,74,82,74,74,74,74,33,61,62,84,85,75,75,75,75,33,69,61,85,77,76,76,76,76,33,65,71,79,78,61,61,61,61,33,62,70,76,84,77,77,77,77,33,63,56,86,87,78,78,78,78,33,66,64,73,72,79,79,79,79,33,71,63,87,79,80,80,80,80,32,90,88,89,65,65,65,32,89,95,94,65,65,65,32,94,93,92,65,65,65,32,92,91,90,65,65,65,32,90,89,94,67,67,67,32,94,92,90,65,65,65,33,59,58,90,91,81,81,81,81,33,57,56,89,88,82,82,82,82,33,56,63,95,89,78,78,78,78,33,62,61,93,94,83,83,83,83,33,60,59,91,92,84,84,84,84,33,58,57,88,90,85,85,85,85,33,63,62,94,95,86,86,86,86,33,15,13,103,100,87,87,87,87,33,9,7,102,98,88,88,88,88,33,13,11,99,103,89,89,89,89,33,7,5,97,102,90,90,90,90,33,3,1,101,96,91,91,91,91,33,1,15,100,101,92,92,92,92,33,11,9,98,99,93,93,93,93,33,5,3,96,97,94,94,94,94]
}