{
    "name":"ChessboardGeometry",
    "uvs":[],
    "normals":[0,-0,-1,0,-0,-1,0,-0,-1,0,-0,-1,0,-0,-1,0,-0,-1,-0,-0,-1,0,-0,-1,-0,-0,-1,0,-0,-1,-0,-0,-1,0,-0,-1,-0,-0,-1,0,-0,-1,-0,-0,-1,0,-0,-1,-0,-0,-1,-0,-0,-1,0,-0,-1,-0,-0,-1,0,-0,-1,-0,-0,-1,0,-0,-1,-0,-0,-1,0,-0,-1,0,-0,-1,0,-0,-1,0,-0,-1,-0,-0,-1,-0,-0,-1,0,-0,-1,-0,-0,-1,0,-0,-1,-0,-0,-1,0,-0,-1,-0,-0,-1,-0,-0,-1,0,-0,-1,0,-0,-1,-0,-0,-1,-0,-0,-1,0,-0,-1,0,-0,-1,-0,-0,-1,0,-0,-1,-0,-0,-1,0,-0,-1,0,-0,-1,0,-0,-1,-0,-0,-1,0,-0,-1,-0,-0,-1,0,-0,-1,-0,-0,-1,0,-0,-1,-0,-0,-1,0,-1,-0,0,0,1,1,0,-0,0,1,-0,-1,-0,-0,-1,-0,-0,1,1e-06,-0,-0,1,-0,1e-06,-1,-0,0.196116,0,-0.980581,0,-0.196116,-0.980581,-0.196116,-0,-0.980581,-0,0.196116,-0.980581],
    "faces":[33,80,25,2,24,0,0,0,0,33,10,38,18,1,1,1,1,1,33,38,45,19,18,2,2,2,2,33,45,52,20,19,3,3,3,3,33,52,59,21,20,4,4,4,4,33,59,66,22,21,5,5,5,5,33,66,73,23,22,6,6,6,6,33,73,80,24,23,7,7,7,7,33,0,11,32,4,8,8,8,8,33,4,32,33,5,9,9,9,9,33,5,33,34,6,10,10,10,10,33,6,34,35,7,11,11,11,11,33,7,35,36,8,12,12,12,12,33,8,36,37,9,13,13,13,13,33,9,37,38,10,14,14,14,14,33,11,12,39,32,15,15,15,15,33,32,39,40,33,16,16,16,16,33,33,40,41,34,17,17,17,17,33,34,41,42,35,18,18,18,18,33,35,42,43,36,19,19,19,19,33,36,43,44,37,20,20,20,20,33,37,44,45,38,21,21,21,21,33,12,13,46,39,22,22,22,22,33,39,46,47,40,23,23,23,23,33,40,47,48,41,24,24,24,24,33,41,48,49,42,25,25,25,25,33,42,49,50,43,26,26,26,26,33,43,50,51,44,27,27,27,27,33,44,51,52,45,28,28,28,28,33,13,14,53,46,29,29,29,29,33,46,53,54,47,30,30,30,30,33,47,54,55,48,31,31,31,31,33,48,55,56,49,32,32,32,32,33,49,56,57,50,4,4,4,4,33,50,57,58,51,33,33,33,33,33,51,58,59,52,34,34,34,34,33,14,15,60,53,35,35,35,35,33,53,60,61,54,36,36,36,36,33,54,61,62,55,31,31,31,31,33,55,62,63,56,37,37,37,37,33,56,63,64,57,38,38,38,38,33,57,64,65,58,39,39,39,39,33,58,65,66,59,26,26,26,26,33,15,16,67,60,27,27,27,27,33,60,67,68,61,40,40,40,40,33,61,68,69,62,41,41,41,41,33,62,69,70,63,4,4,4,4,33,63,70,71,64,42,42,42,42,33,64,71,72,65,43,43,43,43,33,65,72,73,66,44,44,44,44,33,16,17,74,67,42,42,42,42,33,67,74,75,68,45,45,45,45,33,68,75,76,69,46,46,46,46,33,69,76,77,70,47,47,47,47,33,70,77,78,71,43,43,43,43,33,71,78,79,72,48,48,48,48,33,72,79,80,73,49,49,49,49,33,17,3,31,74,50,50,50,50,33,74,31,30,75,51,51,51,51,33,75,30,29,76,52,52,52,52,33,76,29,28,77,22,22,22,22,33,77,28,27,78,53,53,53,53,33,78,27,26,79,54,54,54,54,33,79,26,25,80,55,55,55,55,33,86,82,83,87,56,56,56,56,33,83,82,81,84,57,57,57,57,33,86,85,81,82,58,58,58,58,33,84,81,85,88,59,59,59,59,33,84,88,87,83,60,60,60,60,33,3,0,89,92,61,61,61,61,33,2,91,90,1,62,62,62,62,33,3,92,91,2,63,63,63,63,33,89,0,1,90,64,64,64,64,33,92,89,85,86,65,65,65,65,33,91,92,86,87,66,66,66,66,33,90,91,87,88,67,67,67,67,33,90,88,85,89,68,68,68,68],
    "metadata":{
        "uvs":0,
        "normals":69,
        "version":3,
        "generator":"io_three",
        "faces":77,
        "vertices":93,
        "type":"Geometry"
    },
    "vertices":[24,1e-06,24,-24,1e-06,24,-24,-1e-06,-24,24,-1e-06,-24,18,1e-06,24,12,1e-06,24,5.99999,1e-06,24,-9e-06,1e-06,24,-6.00001,1e-06,24,-12,1e-06,24,-18,1e-06,24,24,1e-06,18,24,1e-06,12,24,0,6.00001,24,0,1e-05,24,-0,-5.99999,24,-1e-06,-12,24,-1e-06,-18,-24,1e-06,18,-24,1e-06,12,-24,0,5.99999,-24,-0,-1e-05,-24,-0,-6.00001,-24,-1e-06,-12,-24,-1e-06,-18,-18,-1e-06,-24,-12,-1e-06,-24,-5.99999,-1e-06,-24,1.1e-05,-1e-06,-24,6.00001,-1e-06,-24,12,-1e-06,-24,18,-1e-06,-24,18,1e-06,18,12,1e-06,18,5.99999,1e-06,18,-7e-06,1e-06,18,-6.00001,1e-06,18,-12,1e-06,18,-18,1e-06,18,18,1e-06,12,12,1e-06,12,5.99999,1e-06,12,-6e-06,1e-06,12,-6,1e-06,12,-12,1e-06,12,-18,1e-06,12,18,0,6,12,0,6,6,0,6,-3e-06,0,6,-6,0,5.99999,-12,0,5.99999,-18,0,5.99999,18,0,7e-06,12,0,5e-06,6,0,2e-06,-0,-0,-0,-6,-0,-3e-06,-12,-0,-5e-06,-18,-0,-8e-06,18,-0,-5.99999,12,-0,-5.99999,6,-0,-6,2e-06,-0,-6,-6,-0,-6,-12,-0,-6,-18,-0,-6,18,-1e-06,-12,12,-1e-06,-12,6,-1e-06,-12,5e-06,-1e-06,-12,-5.99999,-1e-06,-12,-12,-1e-06,-12,-18,-1e-06,-12,18,-1e-06,-18,12,-1e-06,-18,6,-1e-06,-18,7e-06,-1e-06,-18,-5.99999,-1e-06,-18,-12,-1e-06,-18,-18,-1e-06,-18,27,-2.64217,27,27,-2.64217,-27,-27,-2.64217,-27,-27,-2.64217,27,27,-0.099999,27,27,-0.100001,-27,-27,-0.100001,-27,-27,-0.099999,27,24,0.500001,24,-24,0.500001,24,-24,0.499999,-24,24,0.499999,-24]
}