{
    "metadata":{
        "generator":"io_three",
        "version":3,
        "type":"Geometry",
        "vertices":97,
        "normals":53,
        "uvs":1,
        "faces":81
    },
    "name":"CubeGeometry",
    "vertices":[4,0.2,-4,4,0.2,4,-4,0.2,4,-4,0.2,-4,4,0.2,-3,4,0.2,-2,4,0.2,-0.999997,4,0.2,2e-06,4,0.2,1,4,0.2,2,4,0.2,3,3,0.2,-4,2,0.2,-4,1,0.2,-4,1e-06,0.2,-4,-0.999999,0.2,-4,-2,0.2,-4,-3,0.2,-4,3,0.2,4,2,0.2,4,0.999997,0.2,4,-2e-06,0.2,4,-1,0.2,4,-2,0.2,4,-3,0.2,4,-4,0.2,3,-4,0.2,2,-4,0.2,0.999999,-4,0.2,-1e-06,-4,0.2,-1,-4,0.2,-2,-4,0.2,-3,3,0.2,-3,3,0.2,-2,3,0.2,-0.999998,3,0.2,2e-06,3,0.2,1,3,0.2,2,3,0.2,3,2,0.2,-3,2,0.2,-2,2,0.2,-0.999998,2,0.2,2e-06,2,0.2,1,2,0.2,2,2,0.2,3,1,0.2,-3,1,0.2,-2,0.999999,0.2,-0.999998,0.999999,0.2,1e-06,0.999999,0.2,1,0.999998,0.2,2,0.999998,0.2,3,1e-06,0.2,-3,0,0.2,-2,-0,0.2,-0.999999,-1e-06,0.2,1e-06,-1e-06,0.2,1,-1e-06,0.2,2,-2e-06,0.2,3,-0.999999,0.2,-3,-0.999999,0.2,-2,-1,0.2,-0.999999,-1,0.2,1e-06,-1,0.2,1,-1,0.2,2,-1,0.2,3,-2,0.2,-3,-2,0.2,-2,-2,0.2,-0.999999,-2,0.2,0,-2,0.2,0.999999,-2,0.2,2,-2,0.2,3,-3,0.2,-3,-3,0.2,-2,-3,0.2,-1,-3,0.2,-0,-3,0.2,0.999999,-3,0.2,2,-3,0.2,3,-4.2,-0,-4.2,-4.2,0,4.2,4.2,0,4.2,4.2,-0,-4.2,-4,0.2,-4,-4,0.2,4,4,0.2,4,4,0.2,-4,4.2,0.25,4.2,4.2,0.25,-4.2,-4.2,0.25,-4.2,-4.2,0.25,4.2,-4,0.25,-4,-4,0.25,4,4,0.25,4,4,0.25,-4],
    "normals":[0,-0,-1,0,-0,-1,0,-0,-1,0,-0,-1,0,-0,-1,0,-0,-1,0,-0,-1,0,-0,-1,0,-0,-1,0,-0,-1,0,-0,-1,0,-0,-1,0,-0,-1,0,-0,-1,0,-0,-1,0,-0,-1,0,-0,-1,0,-0,-1,0,-0,-1,0,-0,-1,0,-0,-1,0,-0,-1,0,-0,-1,0,-0,-1,0,-0,-1,0,-0,-1,0,-0,-1,0,-0,-1,0,-0,-1,0,-0,-1,0,-0,-1,0,-0,-1,0,-0,-1,0,-0,-1,0,-0,-1,0,-0,-1,0,-0,-1,0,-0,-1,0,-0,-1,1,0,-1e-06,0,-1,-8e-06,-1,0,4e-06,0,1,3e-06,0,0,-0,-0,0,1,-1,-1e-06,-0,1,0,-0,0,-0,-1,-0,-0,-1,0,-0,-1,0,-0,-1,-0,1,-0,0,-1,-0],
    "uvs":[[0.875,0.85,0.911765,0.85,0.911765,0.885714,0.875,0.885714,0.617647,0.85,0.654412,0.85,0.654412,0.885714,0.617647,0.885714,0.691176,0.85,0.691176,0.885714,0.727941,0.85,0.727941,0.885714,0.764706,0.85,0.764706,0.885714,0.801471,0.85,0.801471,0.885714,0.838235,0.85,0.838235,0.885714,0.617647,0.6,0.654412,0.6,0.654412,0.635714,0.617647,0.635714,0.654412,0.671429,0.617647,0.671429,0.654412,0.707143,0.617647,0.707143,0.654412,0.742857,0.617647,0.742857,0.654412,0.778571,0.617647,0.778571,0.654412,0.814286,0.617647,0.814286,0.691176,0.6,0.691176,0.635714,0.691176,0.671429,0.691176,0.707143,0.691176,0.742857,0.691176,0.778571,0.691176,0.814286,0.727941,0.6,0.727941,0.635714,0.727941,0.671429,0.727941,0.707143,0.727941,0.742857,0.727941,0.778571,0.727941,0.814286,0.764706,0.6,0.764706,0.635714,0.764706,0.671429,0.764706,0.707143,0.764706,0.742857,0.764706,0.778571,0.764706,0.814286,0.801471,0.6,0.801471,0.635714,0.801471,0.671429,0.801471,0.707143,0.801471,0.742857,0.801471,0.778571,0.801471,0.814286,0.838235,0.6,0.838235,0.635714,0.838235,0.671429,0.838235,0.707143,0.838235,0.742857,0.838235,0.778571,0.838235,0.814286,0.875,0.6,0.875,0.635714,0.875,0.671429,0.875,0.707143,0.875,0.742857,0.875,0.778571,0.875,0.814286,0.911765,0.6,0.911765,0.635714,0.911765,0.671429,0.911765,0.707143,0.911765,0.742857,0.911765,0.778571,0.911765,0.814286,0,0,0.308823,0,0.308824,0.357143,0,0.357143,0.308823,0.357143,0.308824,0.714286,0,0.714286,0,0.357143,0.617647,0.714286,0.308824,0.714286,0.308824,0.357143,0.617647,0.357143,0.308824,0,0.617647,0,0.617647,0.357143,0.308824,0.357143,0,0,0.92647,0,0.926471,0.3,0.617647,0.3,0.617647,0,1,0.285714,1,0.571429,0.926471,0.571429,0.926471,0.285714,0.985294,0.6,0.985294,0.885714,0.911765,0.885714,0.919118,0.307143,0.92647,0.3,0.92647,0.6,0.919118,0.592857,0.617647,0.6,0.625,0.592857,0.625,0.307143,0.617647,0.3,1,0,0.926471,0.285714,0.926471,0,0,1,0,0.714286,0.073529,0.714286,0.073529,1]],
    "faces":[41,80,25,2,24,0,1,2,3,0,0,0,0,41,10,38,18,1,4,5,6,7,1,1,1,1,41,38,45,19,18,5,8,9,6,2,2,2,2,41,45,52,20,19,8,10,11,9,1,1,1,1,41,52,59,21,20,10,12,13,11,1,1,1,1,41,59,66,22,21,12,14,15,13,3,3,3,3,41,66,73,23,22,14,16,17,15,4,4,4,4,41,73,80,24,23,16,0,3,17,5,5,5,5,41,0,11,32,4,18,19,20,21,6,6,6,6,41,4,32,33,5,21,20,22,23,6,6,6,6,41,5,33,34,6,23,22,24,25,6,6,6,6,41,6,34,35,7,25,24,26,27,7,7,7,7,41,7,35,36,8,27,26,28,29,8,8,8,8,41,8,36,37,9,29,28,30,31,9,9,9,9,41,9,37,38,10,31,30,5,4,1,1,1,1,41,11,12,39,32,19,32,33,20,6,6,6,6,41,32,39,40,33,20,33,34,22,6,6,6,6,41,33,40,41,34,22,34,35,24,6,6,6,6,41,34,41,42,35,24,35,36,26,6,6,6,6,41,35,42,43,36,26,36,37,28,6,6,6,6,41,36,43,44,37,28,37,38,30,6,6,6,6,41,37,44,45,38,30,38,8,5,10,10,10,10,41,12,13,46,39,32,39,40,33,6,6,6,6,41,39,46,47,40,33,40,41,34,7,7,7,7,41,40,47,48,41,34,41,42,35,11,11,11,11,41,41,48,49,42,35,42,43,36,12,12,12,12,41,42,49,50,43,36,43,44,37,13,13,13,13,41,43,50,51,44,37,44,45,38,1,1,1,1,41,44,51,52,45,38,45,10,8,0,0,0,0,41,13,14,53,46,39,46,47,40,10,10,10,10,41,46,53,54,47,40,47,48,41,14,14,14,14,41,47,54,55,48,41,48,49,42,15,15,15,15,41,48,55,56,49,42,49,50,43,16,16,16,16,41,49,56,57,50,43,50,51,44,17,17,17,17,41,50,57,58,51,44,51,52,45,16,16,16,16,41,51,58,59,52,45,52,12,10,18,18,18,18,41,14,15,60,53,46,53,54,47,19,19,19,19,41,53,60,61,54,47,54,55,48,20,20,20,20,41,54,61,62,55,48,55,56,49,21,21,21,21,41,55,62,63,56,49,56,57,50,22,22,22,22,41,56,63,64,57,50,57,58,51,23,23,23,23,41,57,64,65,58,51,58,59,52,24,24,24,24,41,58,65,66,59,52,59,14,12,25,25,25,25,41,15,16,67,60,53,60,61,54,10,10,10,10,41,60,67,68,61,54,61,62,55,15,15,15,15,41,61,68,69,62,55,62,63,56,17,17,17,17,41,62,69,70,63,56,63,64,57,26,26,26,26,41,63,70,71,64,57,64,65,58,27,27,27,27,41,64,71,72,65,58,65,66,59,28,28,28,28,41,65,72,73,66,59,66,16,14,29,29,29,29,41,16,17,74,67,60,67,68,61,25,25,25,25,41,67,74,75,68,61,68,69,62,30,30,30,30,41,68,75,76,69,62,69,70,63,30,30,30,30,41,69,76,77,70,63,70,71,64,25,25,25,25,41,70,77,78,71,64,71,72,65,31,31,31,31,41,71,78,79,72,65,72,73,66,32,32,32,32,41,72,79,80,73,66,73,0,16,33,33,33,33,41,17,3,31,74,67,74,75,68,34,34,34,34,41,74,31,30,75,68,75,76,69,35,35,35,35,41,75,30,29,76,69,76,77,70,36,36,36,36,41,76,29,28,77,70,77,78,71,37,37,37,37,41,77,28,27,78,71,78,79,72,37,37,37,37,41,78,27,26,79,72,79,80,73,36,36,36,36,41,79,26,25,80,73,80,1,0,38,38,38,38,41,90,89,83,84,81,82,83,84,39,39,39,39,41,90,84,81,91,85,86,87,88,40,40,40,40,41,92,91,81,82,89,90,91,92,41,41,41,41,41,89,92,82,83,93,94,95,96,42,42,42,42,41,1,2,86,87,97,97,97,97,43,43,43,43,41,3,0,88,85,97,97,97,97,43,43,43,43,41,83,82,81,84,98,99,100,101,44,44,44,44,41,88,87,95,96,102,103,104,105,45,45,45,45,41,86,85,93,94,106,107,108,74,46,46,46,46,41,2,3,85,86,97,97,97,97,43,43,43,43,41,0,1,87,88,97,97,97,97,43,43,43,43,41,94,92,89,95,109,110,111,112,47,47,47,47,41,89,90,96,95,111,113,114,112,48,48,48,48,41,93,96,90,91,115,114,113,116,49,49,49,49,41,94,93,91,92,109,115,116,110,50,50,50,50,41,85,88,96,93,117,102,118,119,51,51,51,51,41,87,86,94,95,120,121,122,123,52,52,52,52]
}