{
    "name":"KingGeometry",
    "uvs":[],
    "metadata":{
        "uvs":0,
        "version":3,
        "vertices":212,
        "faces":216,
        "generator":"io_three",
        "type":"Geometry",
        "normals":200
    },
    "vertices":[0.070348,6.51962,1.00077,0.756763,6.51962,0.656649,0.549986,6.65216,0.475979,0.052331,6.65216,0.725466,-0.658349,6.51962,0.758727,-0.475979,6.65216,0.549986,0.060927,6.39085,0.884344,0.667428,6.39085,0.580289,0.998803,6.51962,-0.072048,0.725467,6.65216,-0.052331,-1.00247,6.51962,0.072312,-0.725467,6.65216,0.052331,-0.582933,6.39085,0.670482,0.106176,6.25678,1.47192,1.11589,6.25678,0.965729,0.881289,6.39085,-0.063571,0.654685,6.51962,-0.758463,0.475979,6.65216,-0.549986,-0.760427,6.51962,-0.656385,-0.549986,6.65216,-0.475979,-0.886988,6.39085,0.063982,-0.96573,6.25678,1.11589,0.106814,6.12761,1.48077,1.12259,6.12761,0.971531,1.47192,6.25678,-0.106177,0.577234,6.39085,-0.670072,-0.074012,6.51962,-1.0005,-0.052331,6.65216,-0.725467,-0.673126,6.39085,-0.579878,-1.47192,6.25678,0.106176,-0.971532,6.12761,1.12259,1.48077,6.12761,-0.106815,0.045043,5.9576,0.624431,0.47339,5.9576,0.409689,0.965729,6.25678,-1.11589,-0.066626,6.39085,-0.883933,-1.11589,6.25678,-0.96573,-1.48077,6.12761,0.106814,-0.409689,5.9576,0.473389,0.971531,6.12761,-1.12259,0.624431,5.9576,-0.045043,0.052569,3.77136,0.728772,0.552492,3.77136,0.478147,-0.106176,6.25678,-1.47192,-1.12259,6.12761,-0.971532,-0.624431,5.9576,0.045042,-0.478148,3.77136,0.552492,-0.106814,6.12761,-1.48077,0.409689,5.9576,-0.47339,0.728772,3.77136,-0.05257,0.082538,2.3459,1.14423,0.867457,2.3459,0.75073,0.078085,8.0077,0.067577,-0.473389,5.9576,-0.40969,-0.728772,3.77136,0.052569,0.00743,8.0077,0.102998,-0.75073,2.3459,0.867457,-0.067578,8.0077,0.078084,-0.045043,5.9576,-0.624431,0.478148,3.77136,-0.552492,1.14423,2.3459,-0.082538,1.55122,1.3516,1.34248,0.147598,1.3516,2.04615,0.102999,8.0077,-0.00743,-0.102999,8.0077,0.007429,0.067578,8.0077,-0.078085,-0.078085,8.0077,-0.067578,-0.00743,8.0077,-0.102999,-0.076309,7.75388,-1.05788,-0.552492,3.77136,-0.478148,-1.14423,2.3459,0.082538,-1.34248,1.3516,1.55122,-0.801994,7.75388,-0.694076,0.694076,7.75388,-0.801994,-1.05788,7.75388,0.076309,-0.052569,3.77136,-0.728772,0.75073,2.3459,-0.867457,2.04615,1.3516,-0.147598,1.31486,0.968516,1.13793,0.125109,0.968516,1.73439,1.05788,7.75388,-0.07631,-0.694076,7.75388,0.801993,-0.867457,2.3459,-0.75073,-2.04615,1.3516,0.147598,-1.13793,0.968516,1.31486,0.076309,7.75388,1.05788,-0.082538,2.3459,-1.14423,1.34248,1.3516,-1.55122,1.73439,0.968516,-0.125109,1.70133,0.523653,1.4724,0.161881,0.523653,2.24417,0.801994,7.75388,0.694075,-1.55122,1.3516,-1.34248,-1.73439,0.968516,0.125108,-1.4724,0.523653,1.70133,-0.147597,1.3516,-2.04615,1.13793,0.968516,-1.31486,2.24417,0.523653,-0.161882,1.70133,0,1.4724,0.161881,0,2.24417,-1.31486,0.968516,-1.13793,-2.24417,0.523653,0.161881,-1.4724,0,1.70133,-0.125108,0.968516,-1.73439,1.4724,0.523653,-1.70133,2.24417,-0,-0.161882,-2.24417,0,0.161881,-1.70133,-0,-1.4724,-0.161881,-0,-2.24417,1.4724,-0,-1.70133,-1.70133,0.523653,-1.4724,-0.161881,0.523652,-2.24417,-0.110601,8.26443,-0,-0.237886,8.21147,-0,-0.274687,8.13914,-0,-0.237886,8.0668,-0,-0.137344,8.01385,-0,-0.078207,8.26443,-0.078207,-0.168211,8.21147,-0.168211,-0.194233,8.13914,-0.194233,-0.168211,8.0668,-0.168211,-0.097117,8.01385,-0.097117,0,8.26443,-0.110601,0,8.21147,-0.237887,-0,8.13914,-0.274688,0,8.0668,-0.237887,0,8.01385,-0.137344,0.078207,8.26443,-0.078207,0.168211,8.21147,-0.168211,0.194233,8.13914,-0.194234,0.168211,8.0668,-0.168211,0.097117,8.01385,-0.097117,0.110601,8.26443,-0,0.237886,8.21147,-0,0.274687,8.13914,-1e-06,0.237886,8.0668,-0,0.137343,8.01385,-0,0.078207,8.26443,0.078207,0.168211,8.21147,0.168211,0.194233,8.13914,0.194233,0.168211,8.0668,0.168211,0.097117,8.01385,0.097116,-0,8.26443,0.110601,0,8.21147,0.237886,0,8.13914,0.274687,0,8.0668,0.237886,-0,8.01385,0.137343,-0.078207,8.26443,0.078206,-0.168211,8.21147,0.168211,-0.194233,8.13914,0.194233,-0.168211,8.0668,0.168211,-0.097117,8.01385,0.097116,-0.45067,7.94858,-0.390027,0.042881,7.94858,0.594462,0.45067,7.94858,0.390027,-0.042881,7.94858,-0.594463,0.594462,7.94858,-0.042881,0.390027,7.94858,-0.45067,-0.594462,7.94858,0.042881,-0.390027,7.94858,0.45067,-0.69011,7.86631,-0.597248,0.065664,7.86631,0.910299,0.9103,7.86631,-0.065664,-0.9103,7.86631,0.065663,0.69011,7.86631,0.597247,-0.065664,7.86631,-0.9103,0.597248,7.86631,-0.690111,-0.597248,7.86631,0.69011,-0.137344,8.26443,-0,-0.097117,8.26443,-0.097117,0,8.26443,-0.137344,0.097117,8.26443,-0.097117,0.137343,8.26443,-0,0.097116,8.26443,0.097116,-0,8.26443,0.137343,-0.097117,8.26443,0.097116,-0.110602,8.52664,0,-0.078207,8.52664,-0.078207,-0,8.52664,-0.110601,0.078206,8.52664,-0.078207,0.1106,8.52664,0,0.078206,8.52664,0.078207,-1e-06,8.52664,0.110601,-0.078207,8.52664,0.078207,-0.110602,8.66949,1e-06,-0.078207,8.66949,-0.078206,-1e-06,8.66949,-0.110601,0.078206,8.66949,-0.078206,0.1106,8.66949,1e-06,0.078206,8.66949,0.078207,-1e-06,8.66949,0.110602,-0.078207,8.66949,0.078207,-0.110602,8.79987,0,-0.078207,8.79987,-0.078206,-1e-06,8.79987,-0.110601,0.078206,8.79987,-0.078207,0.1106,8.79987,0,0.078206,8.79987,0.078207,-1e-06,8.79987,0.110602,-0.078207,8.79987,0.078207,0.2606,8.52664,0,0.228206,8.52664,-0.078207,0.228206,8.52664,0.078207,0.2606,8.66949,1e-06,0.228206,8.66949,-0.078206,0.228206,8.66949,0.078207,-0.260601,8.52664,0,-0.228207,8.52664,-0.078207,-0.228207,8.52664,0.078207,-0.260602,8.66949,1e-06,-0.228207,8.66949,-0.078206,-0.228207,8.66949,0.078207],