{
    "name":"KingGeometry",
    "uvs":[[0,0,0.244393,0.999904,9.6e-05,0.633901,0.375264,0.644725,0.393141,0.651666,0.54981,0.532176,0.542452,0.464195,0.928281,0.329071,0.895144,0.659495,0.489039,0.42851,0.425255,0.420327,0.490865,0.377859,0.506821,0.37984,0.375651,0.466241,0.374696,0.535984,9.6e-05,0.328604,0.490764,0.586683,0.712864,0.95156,0.652863,9.6e-05,0.542589,0.359648,0.51908,0.351025,0.212873,0.043814,0.424447,0.577214,0.419811,0.631023,0.403062,0.625872,0.495346,0.341884,0.520799,0.387589,0.410336,0.660443,0.388391,0.616222]],
    "normals":[0.460307,0.04348,-0.886694,0.293465,0.354689,-0.887735,0.76193,0.071971,0.643648,0.35733,-0.29565,-0.885949,-0.04316,0.456913,-0.888464,0.489334,0.591422,0.640915,0.23758,0.022442,-0.971109,0.588415,-0.486846,0.64556,0.043615,-0.461727,-0.885949,-0.353604,0.292567,-0.888464,-0.072339,0.765823,0.63897,0.152703,0.184561,-0.970886,0.993573,0.093853,-0.063284,0.183373,-0.15172,-0.971265,0.07182,-0.760325,0.645561,-0.294742,-0.356233,-0.886694,-0.458313,-0.043292,-0.887736,-0.592669,0.490366,0.638971,-0.022587,0.239123,-0.970727,0.636199,0.768926,-0.063282,0.768925,-0.636199,-0.063281,0.208645,0.019709,0.977793,0.022382,-0.236947,-0.971265,-0.487875,-0.589658,0.643647,-0.764208,-0.072187,0.640918,-0.185057,0.153114,-0.970727,-0.093853,0.993573,-0.063284,0.133598,0.16147,0.977793,0.093852,-0.993573,-0.063284,0.16147,-0.133598,0.977793,0.994597,0.093951,-0.044164,-0.152126,-0.183863,-0.971109,-0.238481,-0.022527,-0.970886,-0.768926,0.636198,-0.063287,-0.019708,0.208645,0.977793,0.636855,0.769718,-0.044165,-0.636199,-0.768926,-0.063283,0.019708,-0.208645,0.977793,0.769717,-0.636855,-0.044165,0.961158,0.090791,-0.260638,-0.993573,-0.093853,-0.063284,-0.16147,0.133598,0.977793,-0.093949,0.994597,-0.044165,0.615444,0.743839,-0.260639,-0.133598,-0.16147,0.977793,0.093949,-0.994597,-0.044165,0.74384,-0.615443,-0.260638,0.762227,0.072,-0.643293,0.128231,0.012113,-0.99167,-0.208645,-0.019709,0.977793,-0.769717,0.636855,-0.044165,-0.090791,0.961158,-0.260639,0.488065,0.589887,-0.643293,0.012113,-0.128231,-0.99167,-0.636855,-0.769718,-0.044165,0.09079,-0.961158,-0.260639,0.589887,-0.488065,-0.643293,0.794984,0.075094,0.601965,-0.128231,-0.012113,-0.99167,0.099238,-0.082108,-0.99167,0.082108,0.099238,-0.99167,-0.082108,-0.099238,-0.99167,-0.099238,0.082108,-0.99167,-0.994597,-0.093951,-0.044164,-0.743839,0.615443,-0.260638,-0.072,0.762227,-0.643293,0.50904,0.615238,0.601964,-0.742035,0.61395,0.269166,-0.012113,0.128231,-0.99167,0.61395,0.742035,0.269165,-0.615444,-0.743839,-0.260639,0.071999,-0.762227,-0.643293,0.615237,-0.509039,0.601966,0.682683,0.064486,-0.727864,0.742035,-0.61395,0.269166,0.09057,-0.958826,0.269165,-0.961158,-0.090791,-0.260638,-0.589887,0.488065,-0.643293,-0.075094,0.794984,0.601965,0.437131,0.528328,-0.727864,0.958826,0.09057,0.269165,-0.958826,-0.09057,0.269165,-0.488064,-0.589887,-0.643293,0.075094,-0.794984,0.601965,0.528328,-0.437131,-0.727864,0.995568,0.094041,-0,-0.09057,0.958826,0.269165,-0.762227,-0.071999,-0.643293,-0.615237,0.509039,0.601966,-0.064486,0.682683,-0.727864,0.637476,0.77047,-0,-0.61395,-0.742035,0.269165,-0.509039,-0.615238,0.601965,0.064486,-0.682683,-0.727864,0.77047,-0.637476,-0,0,0,1,-0,0,1,0,0,1,-0,0,1,-0,0,1,-0,0,1,-0.794983,-0.075094,0.601966,-0.528327,0.437131,-0.727864,-0.094041,0.995568,-0,-0.437131,-0.528328,-0.727864,0.094041,-0.995568,-0,-0.77047,0.637476,-0,-0.995568,-0.094041,-0,-0.637476,-0.77047,-0,-0.682683,-0.064486,-0.727864,-0.736997,0.525266,0.42536,-0.403314,0.287444,-0.868743,-0.403298,0.287433,0.868754,-0.736993,0.525263,-0.425369,-0.488419,-0.081926,0.868755,-0.892548,-0.149708,-0.425378,-0.892552,-0.149709,0.425369,-0.488439,-0.081929,-0.868743,-0.287435,-0.403294,0.868755,-0.525262,-0.736987,-0.425382,-0.525265,-0.73699,0.425373,-0.287447,-0.403311,-0.868743,0.081926,-0.488422,0.868753,0.149711,-0.892546,-0.425381,0.149712,-0.89255,0.425371,0.081929,-0.488442,-0.868742,0.403299,-0.287437,0.868752,0.736983,-0.525264,-0.425385,0.736987,-0.525266,0.425377,0.403314,-0.287448,-0.868741,0.892542,0.149712,-0.425387,0.892547,0.149713,0.425378,0.488439,0.081929,-0.868743,0.488419,0.081926,0.868755,0.525266,0.736989,0.425373,0.287447,0.403311,-0.868743,0.287435,0.403294,0.868755,0.525264,0.736986,-0.425382,0.165431,-0.986221,-2e-06,-0.149714,0.89255,0.42537,-0.081929,0.488442,-0.868742,-0.081926,0.488422,0.868753,-0.149713,0.892546,-0.425379,0.115837,0.152342,0.981516,-0.025812,0.18963,0.981516,-0.152341,0.115836,0.981516,-0.189635,-0.025813,0.981515,-0.115838,-0.152342,0.981516,0.025812,-0.18963,0.981516,0.152341,-0.115837,0.981516,0.189635,0.025813,0.981515,-0.025457,0.269508,-0.962662,-0.208572,0.17257,-0.962662,-0.17257,-0.208572,-0.962662,0.17257,0.208572,-0.962662,0.208572,-0.17257,-0.962662,-0.269507,-0.025458,-0.962662,0.025458,-0.269508,-0.962662,0.269507,0.025458,-0.962662,0.489408,-0.40493,-0.772341,-0.40493,-0.489408,-0.772342,0.632393,0.059736,-0.772341,0.059736,-0.632394,-0.772341,-0.489408,0.40493,-0.772341,-0.059735,0.632394,-0.772341,0.40493,0.489408,-0.772342,-0.632393,-0.059736,-0.772341,-0,0,-1,-0,-0,-1,0,-0,-1,0,0,-1,0,0,-1,-0.986223,-0.165419,-4e-06,0.580393,0.814336,2e-06,0.814332,-0.5804,-2e-06,-0.58039,-0.814339,-4e-06,-0.814337,0.580392,-1e-06,-0.165424,0.986223,3e-06,0.986221,0.165431,0,0.814333,-0.580398,1e-06,0.986221,0.165431,1e-06,0,0,1,-0.986225,-0.165409,-0,0.580393,0.814336,3e-06,-0.580384,-0.814343,-3e-06,0,-0,1,-0,0,-1,-0.580384,-0.814343,1e-06,-0.814343,0.580383,-1e-06,-0.165424,0.986223,-2e-06,0.986221,0.165431,-0,0.16543,-0.986221,2e-06,-0.986225,-0.165409,0,0.580393,0.814337,-1e-06,0.165432,-0.986221,-2e-06,0.814332,-0.580399,-1e-06,-0.847846,-0.530243,-2e-06,0.847846,0.530243,2e-06,-0.165424,0.986223,3e-06,-0.814338,0.580392,-4e-06,-0.847843,-0.530248,-7e-06],