{
    "vertices":[-0.525138,4.40781,-0,-0.740798,3.88716,-0,-0.525138,3.36651,-0,-0.372643,4.40781,-0.368156,-0.525138,3.88716,-0.520651,-0.372643,3.36651,-0.368156,-0.004487,4.40781,-0.520651,-0.004487,3.88716,-0.736312,-0.004487,3.36651,-0.520651,0.363669,4.40781,-0.368156,0.516164,3.88716,-0.520651,0.363669,3.36651,-0.368156,0.516164,4.40781,-0,0.731825,3.88716,-0,0.516164,3.36651,-0,0.363669,4.40781,0.368156,0.516164,3.88716,0.520651,0.363669,3.36651,0.368156,-0.004487,4.40781,0.520651,-0.004487,3.88716,0.736311,-0.004487,3.36651,0.520651,-0.004487,4.62347,-0,-0.372642,4.40781,0.368156,-0.525138,3.88716,0.520651,-0.372642,3.36651,0.368156,0,-0,-1.5,-0,1.25995,-0.764803,1.06066,-0,-1.06066,0.540797,1.25995,-0.540797,1.5,0,0,0.764803,1.25995,-0,1.06066,0,1.06066,0.540797,1.25995,0.540797,-0,0,1.5,-0,1.25995,0.764803,-1.06066,0,1.06066,-0.540797,1.25995,0.540797,-1.5,-0,-0,-0.764803,1.25995,-0,-1.06066,-0,-1.06066,-0.540797,1.25995,-0.540797,0,0.281101,-1.5,-0,0.59307,-1.15926,-0,0.861714,-1.36765,0.967073,0.861714,-0.967073,0.819721,0.59307,-0.819721,1.06066,0.281101,-1.06066,1.36765,0.861714,0,1.15926,0.59307,0,1.5,0.281101,0,0.967073,0.861714,0.967073,0.819721,0.59307,0.819721,1.06066,0.281101,1.06066,-0,0.861714,1.36765,-0,0.59307,1.15926,-0,0.281101,1.5,-0.967073,0.861714,0.967072,-0.819721,0.59307,0.819721,-1.06066,0.281101,1.06066,-1.36765,0.861714,-0,-1.15926,0.59307,-0,-1.5,0.281101,-0,-0.967073,0.861714,-0.967073,-0.819721,0.59307,-0.819721,-1.06066,0.281101,-1.06066,-0,3.23114,-0.200072,0.141472,3.23114,-0.141472,0.200072,3.23114,-0,0.141472,3.23114,0.141472,-0,3.23114,0.200072,-0.141472,3.23114,0.141472,-0.200072,3.23114,-0,-0.141472,3.23114,-0.141472,0.417369,2.85899,-0,0.295124,2.85899,0.295124,-0.295125,2.85899,0.295124,-0.417369,2.85899,-0,-0,2.85899,0.417369,-0.295125,2.85899,-0.295125,0.295124,2.85899,-0.295125,-0,2.85899,-0.417369,0.344439,2.01352,0.344439,-0.487111,2.01352,-0,-0,2.01352,0.48711,-0.344439,2.01352,-0.344439,-0,2.01352,-0.487111,0.48711,2.01352,-0,-0.344439,2.01352,0.344439,0.344439,2.01352,-0.344439,0.876369,3.096,-0,0.881634,3.00541,-0,0.623409,3.00541,0.623409,0.619686,3.096,0.619686,-0.619686,3.096,0.619686,-0.623409,3.00541,0.623409,-0.881634,3.00541,-0,-0.876369,3.096,-0,-0,3.00541,0.881634,-0,3.096,0.876369,-0.623409,3.00541,-0.623409,-0.619686,3.096,-0.619686,0.619686,3.096,-0.619686,0.623409,3.00541,-0.623409,-0,3.00541,-0.881634,-0,3.096,-0.876369],
    "faces":[32,1,4,5,0,0,0,32,0,3,4,1,1,1,32,4,7,8,2,2,2,32,3,6,7,3,3,3,32,7,10,11,4,4,4,32,6,9,10,5,5,5,32,10,13,14,6,6,6,32,9,12,13,7,7,7,32,13,16,17,8,8,8,32,12,15,16,9,9,9,32,16,15,18,10,10,10,32,16,19,20,11,11,11,32,18,22,23,12,12,12,32,20,19,23,13,13,13,32,0,21,3,14,14,14,32,8,65,72,15,15,15,32,3,21,6,16,16,16,32,11,66,65,17,17,17,32,6,21,9,18,18,18,32,14,67,66,19,19,19,32,9,21,12,20,20,20,32,68,67,14,21,21,21,32,12,21,15,22,22,22,32,69,68,17,23,23,23,32,15,21,18,24,24,24,32,70,69,20,25,25,25,32,71,70,24,26,26,26,32,18,21,22,27,27,27,32,5,72,71,28,28,28,32,23,22,0,29,29,29,32,23,1,2,30,30,30,32,22,21,0,31,31,31,32,26,28,44,32,32,32,32,28,30,47,33,33,33,32,47,30,32,34,34,34,32,32,34,53,35,35,35,32,34,36,56,36,36,36,32,56,36,38,37,37,37,32,40,26,43,38,38,38,32,38,40,62,39,39,39,32,31,35,39,40,40,40,32,61,64,39,41,41,41,32,60,63,64,42,42,42,32,60,59,62,43,43,43,32,64,41,25,44,44,44,32,64,63,42,45,45,45,32,62,43,42,46,46,46,32,58,61,37,47,47,47,32,57,60,61,48,48,48,32,57,56,59,49,49,49,32,55,58,35,50,50,50,32,54,57,58,51,51,51,32,53,56,57,52,52,52,32,52,55,33,53,53,53,32,51,54,55,54,54,54,32,50,53,54,55,55,55,32,49,52,31,56,56,56,32,48,51,52,57,57,57,32,48,47,50,58,58,58,32,46,49,29,59,59,59,32,46,45,48,60,60,60,32,44,47,48,61,61,61,32,41,46,27,62,62,62,32,42,45,46,63,63,63,32,43,44,45,64,64,64,32,79,102,90,65,65,65,32,77,97,94,66,66,66,32,74,91,97,67,67,67,32,76,95,99,68,68,68,32,73,90,91,69,69,69,32,75,94,95,70,70,70,32,78,99,103,71,71,71,32,85,80,79,72,72,72,32,104,65,66,73,73,73,32,84,78,80,74,74,74,32,79,80,103,75,75,75,32,83,77,75,76,76,76,32,98,69,70,77,77,77,32,88,79,73,78,78,78,32,101,66,67,79,79,79,32,82,76,78,80,80,80,32,100,72,65,81,81,81,32,81,74,77,82,82,82,32,93,70,71,83,83,83,32,87,75,76,84,84,84,32,96,71,72,85,85,85,32,86,73,74,86,86,86,32,92,68,69,87,87,87,32,32,30,86,88,88,88,32,36,87,82,89,89,89,32,32,81,83,90,90,90,32,38,82,84,91,91,91,32,30,28,88,92,92,92,32,34,83,87,93,93,93,32,40,84,85,94,94,94,32,28,26,85,95,95,95,32,104,101,102,96,96,96,32,100,104,103,97,97,97,32,93,94,97,98,98,98,32,89,90,102,99,99,99,32,96,100,99,100,100,100,32,98,97,91,101,101,101,32,96,95,94,102,102,102,32,92,91,90,103,103,103,32,89,67,68,104,104,104,32,2,1,5,105,105,105,32,1,0,4,106,106,106,32,5,4,8,107,107,107,32,4,3,7,108,108,108,32,8,7,11,109,109,109,32,7,6,10,110,110,110,32,11,10,14,111,111,111,32,10,9,13,112,112,112,32,14,13,17,113,113,113,32,13,12,16,114,114,114,32,19,16,18,115,115,115,32,17,16,20,116,116,116,32,19,18,23,117,117,117,32,24,20,23,118,118,118,32,5,8,72,119,119,119,32,8,11,65,120,120,120,32,11,14,66,121,121,121,32,17,68,14,122,122,122,32,20,69,17,123,123,123,32,24,70,20,124,124,124,32,2,71,24,125,125,125,32,2,5,71,126,126,126,32,1,23,0,127,127,127,32,24,23,2,128,128,128,32,43,26,44,129,129,129,32,44,28,47,130,130,130,32,50,47,32,131,131,131,32,50,32,53,132,132,132,32,53,34,56,133,133,133,32,59,56,38,134,134,134,32,62,40,43,135,135,135,32,59,38,62,136,136,136,32,39,25,27,137,137,137,32,27,29,31,138,138,138,32,31,33,35,139,139,139,32,35,37,39,140,140,140,32,39,27,31,141,141,141,32,37,61,39,142,142,142,32,61,60,64,42,42,42,32,63,60,62,43,43,43,32,39,64,25,143,143,143,32,41,64,42,144,144,144,32,63,62,42,145,145,145,32,35,58,37,146,146,146,32,58,57,61,147,147,147,32,60,57,59,148,148,148,32,33,55,35,50,50,50,32,55,54,58,149,149,149,32,54,53,57,150,150,150,32,31,52,33,151,151,151,32,52,51,55,152,152,152,32,51,50,54,153,153,153,32,29,49,31,154,154,154,32,49,48,52,155,155,155,32,51,48,50,156,156,156,32,27,46,29,157,157,157,32,49,46,48,158,158,158,32,45,44,48,159,159,159,32,25,41,27,62,62,62,32,41,42,46,160,160,160,32,42,43,45,161,161,161,32,73,79,90,162,162,162,32,75,77,94,163,163,163,32,77,74,97,164,164,164,32,78,76,99,165,165,165,32,74,73,91,166,166,166,32,76,75,95,167,167,167,32,80,78,103,168,168,168,32,88,85,79,169,169,169,32,101,104,66,170,170,170,32,85,84,80,171,171,171,32,102,79,103,172,172,172,32,87,83,75,173,173,173,32,93,98,70,174,174,174,32,86,88,73,175,175,175,32,89,101,67,176,176,176,32,84,82,78,177,177,177,32,104,100,65,178,178,178,32,83,81,77,179,179,179,32,96,93,71,180,180,180,32,82,87,76,181,181,181,32,100,96,72,182,182,182,32,81,86,74,183,183,183,32,98,92,69,184,184,184,32,81,32,86,185,185,185,32,38,36,82,186,186,186,32,34,32,83,187,187,187,32,40,38,84,188,188,188,32,86,30,88,189,189,189,32,36,34,87,190,190,190,32,26,40,85,191,191,191,32,88,28,85,95,95,95,32,103,104,102,192,192,192,32,99,100,103,193,193,193,32,98,93,97,194,194,194,32,101,89,102,195,195,195,32,95,96,99,196,196,196,32,92,98,91,197,197,197,32,93,96,94,198,198,198,32,89,92,90,199,199,199,32,92,89,68,200,200,200],
    "name":"PawnGeometry",
    "uvs":[],
    "metadata":{
        "vertices":105,
        "faces":206,
        "version":3,
        "type":"Geometry",
        "uvs":0,
        "normals":201,
        "generator":"io_three"
    },