{
    "name":"RookGeometry",
    "uvs":[],
    "normals":[0.292941,-0.707222,-0.643446,0.707221,-0.292941,-0.643447,0.707221,0.292941,-0.643447,0.292941,0.707222,-0.643446,-0.292941,0.707222,-0.643446,-0.707221,0.292941,-0.643447,-0.292941,-0.707222,-0.643446,-0.707221,-0.292941,-0.643447,0,0,1,0,0,1,-0.923879,-0.382684,-0,-0.547358,-0.226723,-0.805603,-0.746434,-0.309183,0.589273,-0.382684,-0.923879,-0,-0.226723,-0.547358,-0.805603,-0.309183,-0.746435,0.589272,-0.923879,0.382684,-0,-0.547358,0.226723,-0.805603,-0.746433,0.309183,0.589273,-0.382684,0.923879,-0,-0.226723,0.547358,-0.805603,-0.309183,0.746435,0.589272,0.382684,0.923879,-0,0.226723,0.547358,-0.805603,0.309183,0.746435,0.589272,0.923879,0.382684,-0,0.547358,0.226723,-0.805603,0.746433,0.309183,0.589273,0.923879,-0.382684,-0,0.547358,-0.226723,-0.805603,0.746434,-0.309183,0.589273,0.382684,-0.923879,-0,0.226723,-0.547358,-0.805603,0.309183,-0.746435,0.589272,0.923515,-0.382533,-0.028088,-0.382533,0.923515,-0.028089,-0.382533,-0.923515,-0.028088,0.382533,-0.923515,-0.028088,0.923515,0.382533,-0.028088,-0.923515,0.382532,-0.028089,0.382533,0.923515,-0.028089,-0.923515,-0.382531,-0.028089,-0.582484,-0.241272,0.776209,-0.241272,0.582483,0.77621,0.582484,0.241273,0.776208,0.241273,-0.582485,0.776208,-0.241273,-0.582485,0.776208,-0.582484,0.241272,0.776209,0.241272,0.582483,0.77621,0.582485,-0.241273,0.776208,-0.923879,0.382684,-0,0.382684,0.923879,-0,0.923879,-0.382684,-0,-0.923879,-0.382684,-0,-0.382684,0.923879,-0,0.923879,0.382684,-0,0.382684,-0.923879,-0,-0.382684,-0.923879,-0,0.382683,-0.92388,-0,0,-0,-1,0,0,-1,-0.707107,-0.707107,-0,-0,0,-1,-0.92388,0.382683,-0,-0,-0,-1,1,0,-0,0,1,-0,-0.382683,-0.92388,-0,0.707107,-0.707107,-0,-1,0,0,0.92388,-0.382683,-0,0.707107,0.707107,-0,0,-1,0,0.382683,0.92388,-0,-0.707107,0.707107,-0,0,0,-1,-0.92388,-0.382683,-0,-0.382683,0.92388,-0,0.382683,0.92388,-0,0.92388,-0.382683,-0,-0.382683,-0.92388,-0,-0.92388,0.382683,-0,0.92388,0.382683,-0,-0.893145,-0.369953,-0.255786,0.369953,0.893145,-0.255786,-0.893145,0.369953,-0.255786,0.893145,0.369953,-0.255786,0.369953,-0.893145,-0.255786,-0.369953,-0.893145,-0.255786,-0.369953,0.893145,-0.255786,0.893145,-0.369953,-0.255786],
    "faces":[33,18,1,3,19,0,0,0,0,33,19,3,5,22,1,1,1,1,33,22,5,7,25,2,2,2,2,33,25,7,9,28,3,3,3,3,33,28,9,11,31,4,4,4,4,33,31,11,13,34,5,5,5,5,33,37,15,1,18,6,6,6,6,33,34,13,15,37,7,7,7,7,32,14,0,2,8,8,8,32,2,4,6,9,9,9,32,6,8,10,8,8,8,32,10,12,14,9,9,9,32,14,2,6,9,9,9,32,6,10,14,9,9,9,33,12,36,39,14,10,10,10,10,33,36,35,38,39,11,11,11,11,33,35,34,37,38,12,12,12,12,33,16,0,14,39,13,13,13,13,33,39,38,17,16,14,14,14,14,33,38,37,18,17,15,15,15,15,33,10,33,36,12,16,16,16,16,33,33,32,35,36,17,17,17,17,33,32,31,34,35,18,18,18,18,33,8,30,33,10,19,19,19,19,33,30,29,32,33,20,20,20,20,33,29,28,31,32,21,21,21,21,33,6,27,30,8,22,22,22,22,33,27,26,29,30,23,23,23,23,33,26,25,28,29,24,24,24,24,33,4,24,27,6,25,25,25,25,33,24,23,26,27,26,26,26,26,33,23,22,25,26,27,27,27,27,33,2,21,24,4,28,28,28,28,33,21,20,23,24,29,29,29,29,33,20,19,22,23,30,30,30,30,33,0,16,21,2,31,31,31,31,33,16,17,20,21,32,32,32,32,33,17,18,19,20,33,33,33,33,33,97,96,41,42,34,34,34,34,33,99,98,44,45,35,35,35,35,33,101,100,47,40,36,36,36,36,33,96,101,40,41,37,37,37,37,33,102,97,42,43,38,38,38,38,33,103,99,45,46,39,39,39,39,33,98,102,43,44,40,40,40,40,33,100,103,46,47,41,41,41,41,33,47,46,54,55,42,42,42,42,33,45,44,52,53,43,43,43,43,33,43,42,50,51,44,44,44,44,33,41,40,48,49,45,45,45,45,33,40,47,55,48,46,46,46,46,33,46,45,53,54,47,47,47,47,33,44,43,51,52,48,48,48,48,33,42,41,49,50,49,49,49,49,33,54,53,69,70,50,50,50,50,33,52,51,67,68,51,51,51,51,33,50,49,64,66,52,52,52,52,33,55,54,70,71,53,53,53,53,33,53,52,68,69,54,54,54,54,33,51,50,66,67,55,55,55,55,33,49,48,65,64,56,56,56,56,33,48,55,71,65,57,57,57,57,33,61,60,92,93,58,58,58,58,33,56,57,64,65,59,59,59,59,33,68,67,75,74,51,51,51,51,33,58,59,67,66,60,60,60,60,33,64,57,81,73,61,61,61,61,33,60,61,69,68,62,62,62,62,33,57,58,80,81,63,63,63,63,33,62,63,71,70,64,64,64,64,33,56,65,78,86,65,65,65,65,33,81,80,72,73,59,59,59,59,33,83,82,74,75,60,60,60,60,33,85,84,76,77,62,62,62,62,33,87,86,78,79,64,64,64,64,33,58,66,72,80,66,66,66,66,33,59,60,82,83,67,67,67,67,33,67,59,83,75,68,68,68,68,33,70,69,77,76,50,50,50,50,33,60,68,74,82,69,69,69,69,33,61,62,84,85,70,70,70,70,33,69,61,85,77,71,71,71,71,33,65,71,79,78,57,57,57,57,33,62,70,76,84,72,72,72,72,33,63,56,86,87,73,73,73,73,33,66,64,73,72,52,52,52,52,33,71,63,87,79,74,74,74,74,32,90,88,89,75,75,75,32,89,95,94,75,75,75,32,94,93,92,75,75,75,32,92,91,90,75,75,75,32,90,89,94,62,62,62,32,94,92,90,60,60,60,33,59,58,90,91,76,76,76,76,33,57,56,89,88,77,77,77,77,33,56,63,95,89,78,78,78,78,33,62,61,93,94,79,79,79,79,33,60,59,91,92,80,80,80,80,33,58,57,88,90,81,81,81,81,33,63,62,94,95,82,82,82,82,33,15,13,103,100,83,83,83,83,33,9,7,102,98,84,84,84,84,33,13,11,99,103,85,85,85,85,33,7,5,97,102,86,86,86,86,33,3,1,101,96,87,87,87,87,33,1,15,100,101,88,88,88,88,33,11,9,98,99,89,89,89,89,33,5,3,96,97,90,90,90,90],
    "metadata":{
        "uvs":0,
        "normals":91,
        "version":3,
        "generator":"io_three",
        "faces":108,
        "vertices":104,
        "type":"Geometry"
    },
    "vertices":[-21.0997,4.7e-05,19.0697,-21.0997,1.64748,19.7642,-19.6855,4.7e-05,19.6555,-20.1766,1.64748,20.1466,-19.0997,4.7e-05,21.0697,-19.7942,1.64748,21.0697,-19.6855,4.7e-05,22.484,-20.1766,1.64748,21.9929,-21.0997,4.7e-05,23.0697,-21.0997,1.64748,22.3752,-22.5139,4.7e-05,22.484,-22.0228,1.64748,21.9929,-23.0997,4.7e-05,21.0697,-22.4052,1.64748,21.0697,-22.5139,4.7e-05,19.6555,-22.0228,1.64748,20.1466,-21.0997,0.375328,19.0697,-21.0997,0.650123,19.4742,-21.0997,1.01343,19.1874,-19.7687,1.01343,19.7387,-19.9715,0.650123,19.9415,-19.6855,0.375328,19.6555,-19.2173,1.01343,21.0697,-19.5041,0.650123,21.0697,-19.0997,0.375328,21.0697,-19.7687,1.01343,22.4008,-19.9715,0.650123,22.198,-19.6855,0.375328,22.484,-21.0997,1.01343,22.9521,-21.0997,0.650123,22.6653,-21.0997,0.375328,23.0697,-22.4307,1.01343,22.4008,-22.2279,0.650123,22.198,-22.5139,0.375328,22.484,-22.9821,1.01343,21.0697,-22.6953,0.650123,21.0697,-23.0997,0.375328,21.0697,-22.4307,1.01343,19.7387,-22.2279,0.650123,19.9415,-22.5139,0.375328,19.6555,-21.0997,4.85853,20.1108,-20.4216,4.85853,20.3917,-20.1408,4.85853,21.0697,-20.4216,4.85853,21.7478,-21.0997,4.85853,22.0287,-21.7778,4.85853,21.7478,-22.0586,4.85853,21.0697,-21.7778,4.85853,20.3917,-21.0997,5.15993,19.7092,-20.1376,5.15993,20.1077,-19.7391,5.15993,21.0697,-20.1376,5.15993,22.0318,-21.0997,5.15993,22.4303,-22.0618,5.15993,22.0318,-22.4603,5.15993,21.0697,-22.0618,5.15993,20.1077,-21.0997,5.29904,20.0182,-20.3561,5.29904,20.3262,-20.0482,5.29904,21.0697,-20.3561,5.29904,21.8133,-21.0997,5.29904,22.1213,-21.8433,5.29904,21.8133,-22.1512,5.29904,21.0697,-21.8433,5.29904,20.3262,-20.1376,5.29904,20.1077,-21.0997,5.29904,19.7092,-19.7391,5.29904,21.0697,-20.1376,5.29904,22.0318,-21.0997,5.29904,22.4303,-22.0618,5.29904,22.0318,-22.4603,5.29904,21.0697,-22.0618,5.29904,20.1077,-19.7391,5.71268,21.0697,-20.1376,5.71268,20.1077,-21.0997,5.71268,22.4303,-20.1376,5.71268,22.0318,-22.4603,5.71268,21.0697,-22.0618,5.71268,22.0318,-21.0997,5.71268,19.7092,-22.0618,5.71268,20.1077,-20.0482,5.71268,21.0697,-20.3561,5.71268,20.3262,-21.0997,5.71268,22.1213,-20.3561,5.71268,21.8133,-22.1512,5.71268,21.0697,-21.8433,5.71268,21.8133,-21.0997,5.71268,20.0182,-21.8433,5.71268,20.3262,-20.3561,5.01623,20.3262,-21.0997,5.01623,20.0182,-20.0482,5.01623,21.0697,-20.3561,5.01623,21.8133,-21.0997,5.01623,22.1213,-21.8433,5.01623,21.8133,-22.1512,5.01623,21.0697,-21.8433,5.01623,20.3262,-20.3735,2.61986,20.3435,-20.0727,2.61986,21.0697,-21.0997,2.61986,22.0968,-21.8259,2.61986,21.796,-21.8259,2.61986,20.3435,-21.0997,2.61986,20.0427,-20.3735,2.61986,21.796,-22.1267,2.61986,21.0697]
}